action_id,action_name,primary_outcome,primary_intervention,primary_channel,sr15_options,match_strength,mapping_rule,mapping_note
c40_0010,Introduce energy-efficiency standards for new residential buildings,emissions_efficiency,regulatory,building_residential,Low/zero-energy buildings,direct,rule_eff_res_new,New construction signal
c40_0012,Introduce energy-efficiency standards for new institutional buildings,emissions_efficiency,regulatory,building_institutional_public,Low/zero-energy buildings,direct,rule_eff_building,
c40_0013,Support Implementation of Industrial Building Efficiency Standards.,emissions_efficiency,regulatory,building_industrial,Low/zero-energy buildings,direct,rule_eff_building,
c40_0015,Retrofit residential buildings for energy efficiency,emissions_efficiency,infrastructure,building_residential,Efficient appliances,direct,rule_eff_res_retrofit,Residential retrofit primary → Efficient appliances (existing-stock equipment/HVAC swaps). v2 narrowed from Low/zero|Efficient pair.
c40_0016,Retrofit commercial and institutional other non-residential buildings  for energy efficiency ,emissions_efficiency,infrastructure,building_institutional_public,Low/zero-energy buildings,direct,rule_eff_building,
c40_0017,Retrofit municipal buildings for energy efficiency,emissions_efficiency,infrastructure,building_institutional_public,Low/zero-energy buildings,direct,rule_eff_building,
c40_0018,Optimize energy efficiency and sustainability standards for existing industrial infrastructure,emissions_efficiency,regulatory,building_industrial,Low/zero-energy buildings,direct,rule_eff_building,
c40_0023,Adopt zero-emission bus fleets for public transport,emissions_fuel_switch,,public_bus,Electric cars and buses,direct,rule_fuel_transport,
c40_0025,Promote deployment of zero-emission freight fleets (trucks),emissions_fuel_switch,program,freight,Electric cars and buses,direct,rule_fuel_transport,
c40_0029,Electrify municipal vehicle fleets,emissions_fuel_switch,,public_bus,Electric cars and buses,direct,rule_fuel_transport,
c40_0034,Enact and enforce material bans in order to restrict single use and non-recyclable materials,emissions_demand_reduction,regulatory,waste_regulation,Reduced food wastage,weak,rule_demand_waste,
c40_0035,Optmize waste management systems ,emissions_waste_diversion,planning,waste_regulation,Reduced food wastage,weak,rule_waste_msw,General MSW (channel=waste_regulation) — SR1.5 covers only food waste; cite with low confidence
c40_0036,Upgrade Landfills to Engineered Sanitary Landfills with Gas Capture.,emissions_waste_diversion,infrastructure,landfill,Bioenergy,partial,rule_fuel_biogas,Reclassified to Bioenergy (was Reduced food wastage / weak). Engineered landfills with gas capture deliver methane-to-energy; partial because the action is broader (landfill upgrade) than pure bioenergy. [v3 reclassified 2026-05-21]
c40_0037,"Implement residential and business segregated collection of recyclables, organic, and residual waste",emissions_waste_diversion,program,recycling_collection,Reduced food wastage,direct,rule_waste_food,
c40_0040,Implement Volume-Based Collection policy,emissions_demand_reduction,regulatory,waste_regulation,Reduced food wastage,weak,rule_demand_waste,
c40_0042,Expand urban and peri-urban green spaces,carbon_sequestration,infrastructure,urban_green,Afforestation & reforestation,weak,rule_carbon_forest,Urban / coastal / wetland NBS not directly in SR1.5; using Afforestation as closest proxy
c40_0071,Promote the phase out the reliance on fossil fuels for cooking (in favour of high-efficiency electric cookstoves such as induction stoves).,emissions_fuel_switch,program,not_applicable,(cross-cutting) unclassified,cross_cutting,rule_fuel_na,Fuel-switch with no channel signal
icare_0001,Improve heat and energy recovery,emissions_efficiency,,industrial_process,Energy efficiency,direct,rule_eff_industrial,
icare_0002,Promote and expand the use of the Brazilian Energy Labeling Program for Buildings,emissions_efficiency,program,building_institutional_public,Low/zero-energy buildings,direct,rule_eff_building,
icare_0006,Develop integrated renewable energy planning and solar–battery microgrids for rural and peri-urban areas,emissions_fuel_switch,planning,renewable_general,Solar PV,direct,rule_fuel_solar,Solar-battery microgrids — explicitly solar+storage; primary → Solar PV. v2 narrowed from Wind|Solar PV|Bioenergy.
icare_0008,Enable smart grid integration and distributed energy storage through municipal collaboration and demonstration projects,emissions_efficiency,infrastructure,renewable_general,Smart grids,direct,rule_smart_grid_keyword,"Renewable efficiency — averages Wind and Solar SR1.5 priors | Description mentions smart grid + distributed energy storage explicitly; SR1.5 Smart grids option (4.SM.12) is the correct match, not generic renewable. (previously: Wind (on-shore & off-shore)|Solar PV)"
icare_0009,Deploy cogeneration systems in industries,emissions_efficiency,infrastructure,industrial_process,Energy efficiency,direct,rule_eff_industrial,
icare_0010,Promote Net-Zero and Green Building Certifications,emissions_efficiency,program,building_residential,Low/zero-energy buildings,direct,rule_eff_res_new,New construction signal
icare_0012,Expand solar energy generation on municipal facilities and public assets,emissions_fuel_switch,infrastructure,solar_pv,Solar PV,direct,rule_fuel_solar,
icare_0015,Promote Mini and Micro-Hydropower and Biomass Energy,emissions_fuel_switch,infrastructure,hydro,(cross-cutting) hydropower,no_match,rule_fuel_hydro,Hydropower not in SR1.5 Ch.4 SM mitigation options
icare_0016,"Promote solar thermal and heat pump systems for water heating in residential, commercial, and public buildings",emissions_efficiency,program,water_heating,Efficient appliances,direct,rule_eff_appliance,water_heating treated as Efficient appliances category
icare_0023,Upgrade and maintain electrical substations,emissions_efficiency,infrastructure,renewable_general,Smart grids,direct,rule_smart_grid_keyword,Renewable efficiency — averages Wind and Solar SR1.5 priors | Description mentions substation modernization; grid-modernisation falls under SR1.5 Smart grids option (4.SM.12). (previously: Wind (on-shore & off-shore)|Solar PV)
icare_0024,Integrate renewables into municipal water systems,emissions_fuel_switch,infrastructure,renewable_general,Solar PV,weak,rule_fuel_solar,Renewables in municipal water systems are predominantly PV-driven in Chilean context; primary → Solar PV (weak: action is generic). v2 narrowed from Wind|Solar PV|Bioenergy.
icare_0025,Promote energy-efficient and climate-resilient housing for low-income and informal settlements,emissions_efficiency,program,building_residential,Efficient appliances,direct,rule_eff_res_retrofit,Informal-settlement EE upgrades focus on equipment/heating; primary → Efficient appliances. v2 narrowed from Low/zero|Efficient pair.
icare_0026,Implement time-of-use electricity tariffs to enhance demand-side flexibility and efficiency,emissions_demand_reduction,financial,financial_incentive_scheme,(cross-cutting) policy instrument,cross_cutting,rule_demand_policy,Demand-reduction policy instrument (channel=financial_incentive_scheme) — no specific SR1.5 option
icare_0027,Create financing programs for local renewable energy projects,emissions_fuel_switch,financial,financial_incentive_scheme,(cross-cutting) financial incentive,cross_cutting,rule_fuel_finance,Financial-instrument channel — no specific SR1.5 option
icare_0028,"Promote passive cooling through natural shading and ventilation in residential, commercial, and public buildings",emissions_efficiency,regulatory,building_residential,Low/zero-energy buildings,direct,rule_eff_res_passive,Passive cooling via shading/ventilation is a building-shell (envelope) design intervention; primary → Low/zero-energy buildings. v2 narrowed from Low/zero|Efficient pair.
icare_0031,Capture & Use Biogas at Wastewater Treatment Plants',emissions_waste_diversion,,biogas,Bioenergy,direct,rule_fuel_biogas,"Reclassified to Bioenergy (was Reduced food wastage / direct). Biogas capture at wastewater treatment plants is the canonical bioenergy-from-MSW pathway, not food-wastage reduction. [v3 reclassified 2026-05-21]"
icare_0033,Install biodigesters in rural properties,emissions_fuel_switch,infrastructure,biogas,Bioenergy,weak,rule_fuel_biogas,Scale mismatch — household-scale biodigesters; SR1.5 Bioenergy option assesses utility-scale and overstates land-use/water-use barriers.
icare_0034,Improve Fuel Supply Systems for Industrial Heating,emissions_efficiency,,industrial_process,Energy efficiency,direct,rule_eff_industrial,
icare_0035,Enhance industrial energy efficiency processes,emissions_efficiency,infrastructure,industrial_process,Energy efficiency,direct,rule_eff_industrial,
icare_0040,Deploy energy-efficient and solar-powered street lighting across all neighborhoods,emissions_efficiency,infrastructure,street_lighting,Efficient appliances,direct,rule_eff_appliance,street_lighting treated as Efficient appliances category
icare_0045,"Promote organic, regenerative and agroecological agriculture in rural areas",carbon_sequestration,program,agricultural_soil,Soil carbon sequestration & biochar,direct,rule_carbon_soil,
icare_0049,Develop regional hubs for renewable energy production,emissions_fuel_switch,infrastructure,renewable_general,Solar PV,weak,rule_fuel_solar,Regional renewable hubs are generic; primary → Solar PV (most-common Chilean renewable). v2 narrowed from Wind|Solar PV|Bioenergy.
icare_0050,Accelerate the adoption of Agroforestry',carbon_sequestration,,agricultural_soil,Soil carbon sequestration & biochar,direct,rule_carbon_soil,
icare_0053,Support cooperatives of voluntary waste collectors to aggregate into small enterprises and expand into organics management,emissions_waste_diversion,program,organic_composting,Reduced food wastage,direct,rule_waste_food,
icare_0064,Develop an organic waste management strategy ,emissions_waste_diversion,planning,organic_composting,Reduced food wastage,direct,rule_waste_food,
icare_0069,Complete ecological and agroclimatic mapping,emissions_demand_reduction,planning,urban_form_tod,Land-use & urban planning,direct,rule_demand_tod,
icare_0071,Increase efficiency of industrial furnaces and kilns,emissions_efficiency,,industrial_process,Energy efficiency,direct,rule_eff_industrial,
icare_0072,Improve Heat Recovery and Reuse through Heat Exchanger Networks or Heat Pumps,emissions_efficiency,,industrial_process,Energy efficiency,direct,rule_eff_industrial,
icare_0074,Adopt industrial energy efficiency technologies,emissions_efficiency,,industrial_process,Energy efficiency,direct,rule_eff_industrial,
icare_0076,Electrify Industrial Processes (with Renewable Power),emissions_fuel_switch,,industrial_process,Electrification & hydrogen,direct,rule_fuel_industrial,Industrial fuel-switching maps to Electrification & hydrogen
icare_0078,Decarbonize industrial feedstocks,emissions_fuel_switch,,industrial_process,Electrification & hydrogen,direct,rule_fuel_industrial,Industrial fuel-switching maps to Electrification & hydrogen
icare_0079,Implement carbon capture and utilization (CCU),emissions_fuel_switch,infrastructure,industrial_process,Industrial CCS,direct,rule_industrial_ccs,"Reclassified to Industrial CCS (was Electrification & hydrogen / direct). CCU is carbon management, not fuel-switching. [v3 reclassified 2026-05-21]"
icare_0082,Implement carbon capture and storage (CCS),carbon_sequestration,infrastructure,biogas,Industrial CCS,direct,rule_industrial_ccs,"Reclassified to Industrial CCS (was Bioenergy / weak). The prior mapping_note already flagged ""Scale mismatch — CCS action mapped to Bioenergy""; corrected here. [v3 reclassified 2026-05-21]"
icare_0099,Increase local participation in Agroecological Certification Programmes,emissions_demand_reduction,,agricultural_soil,Sustainable intensification,partial,rule_demand_agric,
icare_0101,Accelerate the adoption of Zero Emission Agricultural Machinery,emissions_fuel_switch,,financial_incentive_scheme,(cross-cutting) financial incentive,cross_cutting,rule_fuel_finance,Financial-instrument channel — no specific SR1.5 option
icare_0104,Adopt hybrid renewable energy systems (solar-wind),emissions_fuel_switch,,renewable_general,Solar PV,partial,rule_fuel_solar,Hybrid solar-wind — primary → Solar PV (typically the larger generation share). v2 narrowed from Wind|Solar PV|Bioenergy; Wind component not separately scored.
icare_0105,Reduce technical losses in energy distribution networks,emissions_efficiency,,renewable_general,Smart grids,direct,rule_smart_grid_keyword,Renewable efficiency — averages Wind and Solar SR1.5 priors | Description mentions transmission & distribution loss reduction; grid-efficiency falls under SR1.5 Smart grids option (4.SM.12). (previously: Wind (on-shore & off-shore)|Solar PV)
icare_0110,"Regulate Construction and Demolition Waste Management to improve deconstruction, segregation at source, reutilization and recycling",emissions_waste_diversion,regulatory,construction_demolition_waste,Bio-based & circularity,weak,rule_waste_cdw,C&D waste — closest SR1.5 home is industrial Bio-based & circularity
icare_0111,Strengthen Extended Producer Responsibility (EPR) Systems,emissions_waste_diversion,regulatory,waste_regulation,Bio-based & circularity,partial,rule_waste_circularity,Reclassified to Bio-based & circularity (was Reduced food wastage / weak). EPR is a regulatory mechanism driving circularity; partial because it covers waste streams beyond bio-based materials. [v3 reclassified 2026-05-21]
icare_0117,Improve public transport systems to promote modal shift,emissions_modal_shift,,transit_general,Public transport,direct,rule_modal_transit,
icare_0120,"Implement energy efficiency criteria and indicators in the procurement of goods, services, or works by the municipal public administration.",emissions_efficiency,regulatory,building_institutional_public,Low/zero-energy buildings,direct,rule_eff_building,
icare_0121,"Incentive to create bike-sharing programs in urban areas, with a focus on electric bikes.",emissions_modal_shift,financial,bike_sharing,Non-motorised transport,direct,rule_modal_active,
icare_0122,Establish eco-parks.,emissions_waste_diversion,infrastructure,mbt_eco_park,Reduced food wastage,direct,rule_waste_food,
icare_0127,Improve Accelerate Environmental Regularization of Rural Properties,enabling,,regulation_standard,(cross-cutting) enabling conditions,cross_cutting,rule_enabling,enabling outcome — no SR1.5 option; use AR6 WGIII Ch.17 enabling conditions instead
icare_0128,Establish Municipal Programs for Payment for Environmental Services and other ecological financial incentives,enabling,financial,financial_incentive_scheme,(cross-cutting) enabling conditions,cross_cutting,rule_enabling,enabling outcome — no SR1.5 option; use AR6 WGIII Ch.17 enabling conditions instead
icare_0131,Prioritize Procurement of Locally Produced Agroecological Products in Public Purchases,emissions_demand_reduction,regulatory,regulation_standard,(cross-cutting) policy instrument,cross_cutting,rule_demand_policy,Demand-reduction policy instrument (channel=regulation_standard) — no specific SR1.5 option
icare_0132,Encourage Local Agroecological Production and Short Supply Chains,emissions_fuel_switch,program,agricultural_soil,Sustainable intensification,partial,rule_fuel_agric,
icare_0137,Replace Inefficient Lighting with LED Technology in Public Spaces,emissions_efficiency,infrastructure,street_lighting,Efficient appliances,direct,rule_eff_appliance,street_lighting treated as Efficient appliances category
icare_0139,Implement congestion pricing and restrictions on high-polluting vehicles,emissions_modal_shift,regulatory,congestion_pricing,Land-use & urban planning,partial,rule_modal_pricing,Congestion pricing is a demand-management lever; Land-use & urban planning is the closest SR1.5 home
ipcc_0001,Promote compact urban form and transit-oriented development,emissions_demand_reduction,planning,urban_form_tod,Land-use & urban planning,direct,rule_demand_tod,
ipcc_0023,Design products with lightweight materials,emissions_efficiency,program,not_applicable,(cross-cutting) efficiency,cross_cutting,rule_eff_na,Efficiency outcome with no channel signal
ipcc_0024,Improve material utilization efficiency in production,emissions_efficiency,,industrial_process,Energy efficiency,direct,rule_eff_industrial,
ipcc_0025,"Design for Recovery, Reuse, or Repurposing",emissions_waste_diversion,program,mbt_eco_park,Bio-based & circularity,direct,rule_waste_circularity,Reclassified to Bio-based & circularity (was Reduced food wastage / weak). Design for recovery / reuse / repurposing is canonical circularity. [v3 reclassified 2026-05-21]
ipcc_0026,Adopt alternative feedstocks in industrial production,emissions_efficiency,,industrial_process,Energy efficiency,direct,rule_eff_industrial,
ipcc_0028,"Behavioral Changes for Reduced Waste (e.g., Food)",emissions_demand_reduction,,waste_regulation,Reduced food wastage,weak,rule_demand_waste,
ipcc_0031,Enhanced product service levels per product (e.g. product sharing),emissions_demand_reduction,,financial_incentive_scheme,(cross-cutting) policy instrument,cross_cutting,rule_demand_policy,Demand-reduction policy instrument (channel=financial_incentive_scheme) — no specific SR1.5 option
ipcc_0033,Improve product maintenance to extend lifespan,emissions_efficiency,,building_institutional_public,Low/zero-energy buildings,direct,rule_eff_building,
ipcc_0034,Promote consumer behavior focused on sufficiency and reduced consumption,emissions_demand_reduction,program,financial_incentive_scheme,(cross-cutting) policy instrument,cross_cutting,rule_demand_policy,Demand-reduction policy instrument (channel=financial_incentive_scheme) — no specific SR1.5 option
ipcc_0037,Adopt net-zero-emissions materials and supply chains,emissions_fuel_switch,,building_institutional_public,Low/zero-energy buildings,partial,rule_fuel_building,Building fuel-switch — Low/zero-energy buildings is closest SR1.5 home
ipcc_0038,Stimulate solar energy production in industrial facilities,emissions_fuel_switch,infrastructure,solar_pv,Solar PV,direct,rule_fuel_solar,
ipcc_0039,Promote the substitution of traditional materials with sustainable alternatives,emissions_fuel_switch,program,not_applicable,(cross-cutting) unclassified,cross_cutting,rule_fuel_na,Fuel-switch with no channel signal
ipcc_0040,Promote industry-government collaborations on emissions reduction,enabling,planning,financial_incentive_scheme,(cross-cutting) enabling conditions,cross_cutting,rule_enabling,enabling outcome — no SR1.5 option; use AR6 WGIII Ch.17 enabling conditions instead
ipcc_0041,Support research into carbon-neutral manufacturing technologies,emissions_efficiency,program,industrial_process,Energy efficiency,direct,rule_eff_industrial,
ipcc_0042,Set carbon emissions reduction targets for industrial sectors,enabling,regulatory,regulation_standard,(cross-cutting) enabling conditions,cross_cutting,rule_enabling,enabling outcome — no SR1.5 option; use AR6 WGIII Ch.17 enabling conditions instead
ipcc_0043,Encourage the Use of Zero-Emission Fuels in Industrial Processes,emissions_fuel_switch,program,industrial_process,Electrification & hydrogen,direct,rule_fuel_industrial,Industrial fuel-switching maps to Electrification & hydrogen
ipcc_0045,Transition to renewable energy for industrial operations,emissions_fuel_switch,,renewable_general,Solar PV,weak,rule_fuel_solar,Industrial renewable transitions in Chile are predominantly PV-based; primary → Solar PV (weak: action is generic). v2 narrowed from Wind|Solar PV|Bioenergy.
ipcc_0049,Develop and implement circular economy policies,emissions_waste_diversion,regulatory,waste_regulation,Bio-based & circularity,direct,rule_waste_circularity,Reclassified to Bio-based & circularity (was Reduced food wastage / weak). Circular economy policies are the explicit SR1.5 channel for this option. [v3 reclassified 2026-05-21]
ipcc_0050,Create tax incentives for companies adopting clean technologies,emissions_fuel_switch,financial,financial_incentive_scheme,(cross-cutting) financial incentive,cross_cutting,rule_fuel_finance,Financial-instrument channel — no specific SR1.5 option
ipcc_0052,Reduce Deforestation and Degradation,carbon_sequestration,,forest,Afforestation & reforestation,direct,rule_carbon_forest,
ipcc_0053,"Implement afforestation, reforestation, and forest ecosystem restoration",carbon_sequestration,infrastructure,forest,Afforestation & reforestation,direct,rule_carbon_forest,
ipcc_0054,Adopt sustainable forest management practices,carbon_sequestration,,forest,Afforestation & reforestation,direct,rule_carbon_forest,
ipcc_0055,"Implement fire management in forests, grasslands, and savannas",carbon_sequestration,infrastructure,fire_mgmt,Afforestation & reforestation,weak,rule_carbon_forest,Urban / coastal / wetland NBS not directly in SR1.5; using Afforestation as closest proxy
ipcc_0056,Reduce and prevent degradation and conversion of Grasslands and Savannas,carbon_sequestration,,agricultural_soil,Soil carbon sequestration & biochar,direct,rule_carbon_soil,
ipcc_0057,Restore degraded peatlands and prevent further conversion or degradation.,carbon_sequestration,,peatland,Afforestation & reforestation,weak,rule_carbon_forest,Urban / coastal / wetland NBS not directly in SR1.5; using Afforestation as closest proxy
ipcc_0060,Protect and Restore Coastal Wetlands,carbon_sequestration,,wetland_coastal,Afforestation & reforestation,weak,rule_carbon_forest,Urban / coastal / wetland NBS not directly in SR1.5; using Afforestation as closest proxy
ipcc_0062,Create partnerships to implement biochar plants.,carbon_sequestration,program,biochar,Soil carbon sequestration & biochar,direct,rule_carbon_soil,
ipcc_0064,Reduce methane emissions from enteric fermentation in livestock,emissions_efficiency,,livestock,Sustainable intensification,partial,rule_eff_livestock,
ipcc_0067,Improve manure management and crop nutrient practices,emissions_waste_diversion,,livestock,Sustainable intensification,partial,rule_waste_livestock,Livestock waste — Sustainable intensification handles agricultural emissions
ipcc_0068,Pilot Bioenergy with Carbon Capture in Partnership with Utilities/Industry.,emissions_fuel_switch,program,biogas,Bioenergy,weak,rule_fuel_biogas,Scale mismatch — pilot BECCS partnership; SR1.5 Bioenergy option assesses utility-scale and may overstate barriers.
ipcc_0069,Promote sustainable and healthy diets,emissions_demand_reduction,program,not_applicable,(cross-cutting) policy instrument,cross_cutting,rule_demand_policy,Demand-reduction policy instrument (channel=not_applicable) — no specific SR1.5 option
ipcc_0070,Reduce food loss and waste,emissions_waste_diversion,,waste_regulation,Reduced food wastage,direct,rule_waste_food,
ipcc_0071,Increase sustainable use of wood products,emissions_fuel_switch,,building_institutional_public,Low/zero-energy buildings,partial,rule_fuel_building,Building fuel-switch — Low/zero-energy buildings is closest SR1.5 home
ipcc_0074,Promote compact urban form through spatial planning,emissions_demand_reduction,planning,urban_form_tod,Land-use & urban planning,direct,rule_demand_tod,
ipcc_0076,Implement energy audits in industrial plants,emissions_efficiency,program,industrial_process,Energy efficiency,direct,rule_eff_industrial,
ipcc_0105,Promote active mobility through road space reallocation,emissions_modal_shift,infrastructure,bike_infrastructure,Non-motorised transport,direct,rule_modal_active,
