evidence_id,indicator_id
ev_a0ba2d16322f3cf2,90028
ev_a0ba2d16322f3cf2,90030
ev_09a4086367abf43a,90028
ev_09a4086367abf43a,90030
ev_ee2121dad23a8126,90018
ev_ee2121dad23a8126,90019
ev_d10730a7e0191bad,90018
ev_d10730a7e0191bad,90019
ev_204138d05a43352d,90015
ev_204138d05a43352d,90016
ev_204138d05a43352d,90023
ev_204138d05a43352d,90026
ev_8d0b2fd7b74cc7a3,90028
ev_8d0b2fd7b74cc7a3,90029
ev_8d0b2fd7b74cc7a3,90030
ev_54a418f38cc26412,90028
ev_54a418f38cc26412,90029
ev_54a418f38cc26412,90030
ev_75c64f1771a34a3f,90018
ev_75c64f1771a34a3f,90019
ev_75c64f1771a34a3f,90027
ev_a8d2838c20df1ee9,90018
ev_a8d2838c20df1ee9,90019
ev_0437e6ef092fcbbc,90028
ev_0437e6ef092fcbbc,90030
ev_e89f8f55e5a29043,90028
ev_e89f8f55e5a29043,90030
ev_17ceaf36a66fb614,90018
ev_17ceaf36a66fb614,90019
ev_98e3130b0dffc7f8,90018
ev_98e3130b0dffc7f8,90019
ev_aeb87333c0fcdba8,90028
ev_aeb87333c0fcdba8,90030
ev_f0051b40454ef6d8,90028
ev_f0051b40454ef6d8,90030
ev_b419ecf0e46db9f4,90018
ev_b419ecf0e46db9f4,90019
ev_d7b0c7e4227ce4d2,90018
ev_d7b0c7e4227ce4d2,90019
ev_73e8d0d5708ff097,90028
ev_73e8d0d5708ff097,90029
ev_73e8d0d5708ff097,90030
ev_08a94436ad56bd5d,90018
ev_08a94436ad56bd5d,90019
ev_08a94436ad56bd5d,90027
ev_e6102a5439400512,90028
ev_556d782c8de1fbf3,90019
ev_da94a030246f6f75,90028
ev_da94a030246f6f75,90029
ev_da94a030246f6f75,90030
ev_3f014c0476b01e5b,90028
ev_3f014c0476b01e5b,90030
ev_c881b462206c3010,90028
ev_c881b462206c3010,90029
ev_c881b462206c3010,90030
ev_837b8d7ae13148df,90018
ev_837b8d7ae13148df,90019
ev_837b8d7ae13148df,90027
ev_0398431a82786654,90018
ev_0398431a82786654,90019
ev_2e0785afbfbf8368,90018
ev_2e0785afbfbf8368,90019
ev_ab822b3283ba70f7,90028
ev_ab822b3283ba70f7,90029
ev_ab822b3283ba70f7,90030
ev_20a2c1d7e3b32f18,90028
ev_20a2c1d7e3b32f18,90029
ev_20a2c1d7e3b32f18,90030
ev_17664ab88659d241,90018
ev_17664ab88659d241,90019
ev_17664ab88659d241,90027
ev_915af1da87e25ce2,90018
ev_915af1da87e25ce2,90019
ev_7cb308f72855b1e4,90028
ev_7cb308f72855b1e4,90030
ev_b0e13be13852f8cc,90028
ev_b0e13be13852f8cc,90029
ev_b0e13be13852f8cc,90030
ev_36c5177a0d7d12c9,90018
ev_36c5177a0d7d12c9,90019
ev_f37b99532c0733f9,90018
ev_f37b99532c0733f9,90019
ev_f37b99532c0733f9,90020
ev_bf723946abf9de4b,90028
ev_bf723946abf9de4b,90029
ev_bf723946abf9de4b,90030
ev_0cb5b349bb57e41d,90018
ev_0cb5b349bb57e41d,90019
ev_0cb5b349bb57e41d,90022
ev_0cb5b349bb57e41d,90023
ev_0cb5b349bb57e41d,90024
ev_0cb5b349bb57e41d,90027
ev_9229a0f05a794df6,90014
ev_9229a0f05a794df6,90015
ev_9229a0f05a794df6,90016
ev_9229a0f05a794df6,90020
ev_9229a0f05a794df6,90023
ev_9229a0f05a794df6,90026
ev_587ecdabc09a02d2,90014
ev_587ecdabc09a02d2,90015
ev_587ecdabc09a02d2,90016
ev_587ecdabc09a02d2,90020
ev_587ecdabc09a02d2,90023
ev_587ecdabc09a02d2,90026
ev_0b828167290df42e,10008
ev_c7ad87b777a4510e,10008
ev_308825ca90d26541,10009
ev_308825ca90d26541,10010
ev_94511a34664767b7,10009
ev_94511a34664767b7,10010
ev_8a353f763e6eb708,10009
ev_8a353f763e6eb708,10010
ev_c2e83574b0b32c26,10017
ev_06e2b51c8b86eec3,10017
ev_5393603cdfa5a865,10017
ev_3291bce3b0395986,10017
ev_8ca10a1d2c01f2e5,10018
ev_15fdd54b321fe4cb,10018
ev_197b6b22e0d3e4a7,10017
ev_67cb83b0517ba82c,10017
ev_7f3fb5e84a184b30,10017
ev_192ac6c05048c65d,10017
ev_0bb0b4c5f8b1674c,10008
ev_3b8be4ce901f956d,10008
ev_8339d6d239f473e1,10017
ev_8c21e13ad01dabda,10017
ev_b0f6d8775f6d626a,10018
ev_d3944a97e8f27171,10009
ev_d3944a97e8f27171,10010
ev_a5c217715db5c52c,10018
ev_78c6f53b48728598,10018
ev_16e7c658a29dcb67,10009
ev_16e7c658a29dcb67,10010
ev_142ebd7c64d35d5d,10017
ev_578066bef031c2bc,10017
ev_eeea2a086d2ba6f8,10008
ev_186781b139632c88,10008
ev_20307e1056384da1,10009
ev_20307e1056384da1,10010
ev_2b668831958af0af,10009
ev_2b668831958af0af,10010
ev_56147e11eeeae070,10018
ev_e9b80bc90f1ec669,10018
ev_e55f887837a61ea6,10009
ev_e55f887837a61ea6,10010
ev_f73f8807eef11422,10008
ev_35a2d666dbfe4fee,10008
ev_582850ddca9f12a1,10017
ev_be93cadda902b51e,10017
ev_4c6e577b9718e78c,10018
ev_2aca8f1e09d74994,10015
ev_2aca8f1e09d74994,10016
ev_1f193de30faf2eab,10015
ev_1f193de30faf2eab,10016
ev_bf94b01ca0bddc71,10015
ev_bf94b01ca0bddc71,10016
ev_1569f832674b0ce0,10016
ev_b4bcac10c0b7b7f8,10013
ev_3400f3629cb707f5,10013
ev_95f74ba43212671a,10018
ev_7f4c9fc8de372db5,10017
ev_bb972ac290c8ac4b,10017
ev_b3204e7c5a580e72,10018
ev_bbebb04f15575bb8,10018
ev_19a2fc123dbdf8c7,5019
ev_19a2fc123dbdf8c7,5021
ev_19a2fc123dbdf8c7,5024
ev_19a2fc123dbdf8c7,5063
ev_a4524d120f5c43f1,5021
ev_a4524d120f5c43f1,5023
ev_a4524d120f5c43f1,5024
ev_a4524d120f5c43f1,5025
ev_a4524d120f5c43f1,5064
ev_e5d354a18b69cca6,5026
ev_e5d354a18b69cca6,5027
ev_e5d354a18b69cca6,5028
ev_e5d354a18b69cca6,5030
ev_e5d354a18b69cca6,5031
ev_e5d354a18b69cca6,5071
ev_e5d354a18b69cca6,5077
ev_e5d354a18b69cca6,5079
ev_935a48a7d5ac96bf,5027
ev_935a48a7d5ac96bf,5028
ev_935a48a7d5ac96bf,5030
ev_935a48a7d5ac96bf,5031
ev_935a48a7d5ac96bf,5077
ev_935a48a7d5ac96bf,5079
ev_cee37cf88880c6f7,5016
ev_cee37cf88880c6f7,5018
ev_cee37cf88880c6f7,5022
ev_cee37cf88880c6f7,5032
ev_b331e60fac0107d0,5026
ev_b331e60fac0107d0,5033
ev_b331e60fac0107d0,5071
ev_b331e60fac0107d0,5072
ev_70b48f6a25c432c0,5019
ev_70b48f6a25c432c0,5021
ev_70b48f6a25c432c0,5024
ev_894ffb7b63393d7d,5016
ev_894ffb7b63393d7d,5017
ev_894ffb7b63393d7d,5019
ev_894ffb7b63393d7d,5020
ev_894ffb7b63393d7d,5021
ev_894ffb7b63393d7d,5024
ev_f812933382533c8b,5026
ev_f812933382533c8b,5071
ev_f812933382533c8b,5072
ev_a6278c5dcaf35a66,5023
ev_a6278c5dcaf35a66,5025
ev_fd4b76ec8cbc0f58,5016
ev_fd4b76ec8cbc0f58,5017
ev_fd4b76ec8cbc0f58,5019
ev_fd4b76ec8cbc0f58,5020
ev_fd4b76ec8cbc0f58,5021
ev_fd4b76ec8cbc0f58,5024
ev_6d65d00512a38132,5023
ev_062b74181e7f98fe,5025
ev_687e721d9f8a5ec2,5025
ev_687e721d9f8a5ec2,5064
ev_c744aae4bfa50859,5016
ev_c744aae4bfa50859,5019
ev_c744aae4bfa50859,5021
ev_c744aae4bfa50859,5022
ev_c744aae4bfa50859,5023
ev_c744aae4bfa50859,5024
ev_c744aae4bfa50859,5025
ev_c28fbc691be4fd17,5027
ev_c28fbc691be4fd17,5028
ev_c28fbc691be4fd17,5030
ev_c28fbc691be4fd17,5031
ev_c28fbc691be4fd17,5072
ev_c28fbc691be4fd17,5077
ev_c28fbc691be4fd17,5079
ev_22b4d4a2772a43db,5027
ev_22b4d4a2772a43db,5028
ev_22b4d4a2772a43db,5030
ev_22b4d4a2772a43db,5031
ev_22b4d4a2772a43db,5038
ev_22b4d4a2772a43db,5072
ev_22b4d4a2772a43db,5077
ev_22b4d4a2772a43db,5079
ev_dc4124eb9a25be93,5038
ev_dc4124eb9a25be93,5067
ev_dc4124eb9a25be93,5079
ev_4f20e5ec102e008d,5071
ev_4f20e5ec102e008d,5072
ev_4f20e5ec102e008d,5077
ev_4f20e5ec102e008d,5079
ev_b837366c1b9f8784,5067
ev_b837366c1b9f8784,5068
ev_b837366c1b9f8784,5071
ev_b837366c1b9f8784,5072
ev_b837366c1b9f8784,5073
ev_b837366c1b9f8784,5074
ev_b837366c1b9f8784,5077
ev_b837366c1b9f8784,5078
ev_b837366c1b9f8784,5079
ev_faac5e2a24d614c9,5067
ev_faac5e2a24d614c9,5068
ev_faac5e2a24d614c9,5071
ev_faac5e2a24d614c9,5072
ev_faac5e2a24d614c9,5073
ev_faac5e2a24d614c9,5074
ev_faac5e2a24d614c9,5077
ev_faac5e2a24d614c9,5078
ev_faac5e2a24d614c9,5079
ev_75417fd5afb2ec00,5016
ev_75417fd5afb2ec00,5018
ev_75417fd5afb2ec00,5021
ev_75417fd5afb2ec00,5022
ev_75417fd5afb2ec00,5023
ev_75417fd5afb2ec00,5024
ev_75417fd5afb2ec00,5025
ev_75417fd5afb2ec00,5032
ev_dae01198a1b761c8,5016
ev_dae01198a1b761c8,5019
ev_dae01198a1b761c8,5021
ev_dae01198a1b761c8,5024
ev_dae01198a1b761c8,5032
ev_6febfd394956d59b,5036
ev_6febfd394956d59b,5037
ev_6febfd394956d59b,5066
ev_6febfd394956d59b,5067
ev_6febfd394956d59b,5072
ev_c5443b6dce63fdf1,5067
ev_c5443b6dce63fdf1,5068
ev_c5443b6dce63fdf1,5072
ev_c5443b6dce63fdf1,5073
ev_c5443b6dce63fdf1,5074
ev_c5443b6dce63fdf1,5077
ev_c5443b6dce63fdf1,5079
ev_d7c3971e0faca790,5036
ev_d7c3971e0faca790,5065
ev_d7c3971e0faca790,5066
ev_d7c3971e0faca790,5067
ev_d7c3971e0faca790,5070
ev_d7c3971e0faca790,5072
ev_a95986dd249f3116,5019
ev_a95986dd249f3116,5021
ev_a95986dd249f3116,5024
ev_a95986dd249f3116,5029
ev_a95986dd249f3116,5076
ev_08007abbc18eca7e,5019
ev_08007abbc18eca7e,5021
ev_08007abbc18eca7e,5024
ev_08007abbc18eca7e,5032
ev_08007abbc18eca7e,5063
ev_e59329f775368b96,5063
ev_e59329f775368b96,5064
ev_e59329f775368b96,5076
ev_69ce970e325dcaa1,5026
ev_69ce970e325dcaa1,5033
ev_69ce970e325dcaa1,5071
ev_69ce970e325dcaa1,5072
ev_0228f981e75aa503,60062
ev_0228f981e75aa503,60078
ev_b906ed3f14885f36,60062
ev_b906ed3f14885f36,60078
ev_e9549678911bd26c,60022
ev_e9549678911bd26c,60062
ev_d1466c3a26417e83,60022
ev_d1466c3a26417e83,60025
ev_d1466c3a26417e83,60062
ev_d1466c3a26417e83,60065
ev_f2c62f484dc5d8d6,60022
ev_f2c62f484dc5d8d6,60025
ev_f2c62f484dc5d8d6,60026
ev_f2c62f484dc5d8d6,60062
ev_f2c62f484dc5d8d6,60065
ev_f2c62f484dc5d8d6,60066
ev_cd3df1613483d254,60022
ev_cd3df1613483d254,60025
ev_cd3df1613483d254,60026
ev_cd3df1613483d254,60062
ev_cd3df1613483d254,60065
ev_cd3df1613483d254,60066
ev_74b5a8d33dfe77a6,60014
ev_74b5a8d33dfe77a6,60016
ev_74b5a8d33dfe77a6,60017
ev_74b5a8d33dfe77a6,60022
ev_74b5a8d33dfe77a6,60027
ev_74b5a8d33dfe77a6,60054
ev_74b5a8d33dfe77a6,60056
ev_74b5a8d33dfe77a6,60057
ev_74b5a8d33dfe77a6,60062
ev_74b5a8d33dfe77a6,60067
ev_9a0a0ac7311f8a2c,60060
ev_9a0a0ac7311f8a2c,60062
ev_9a0a0ac7311f8a2c,60070
ev_9a0a0ac7311f8a2c,60077
ev_9a0a0ac7311f8a2c,60078
ev_1d51a9633d4e108d,60060
ev_1d51a9633d4e108d,60062
ev_1d51a9633d4e108d,60070
ev_1d51a9633d4e108d,60077
ev_1d51a9633d4e108d,60078
ev_daf1c86adc5a1fc9,60019
ev_daf1c86adc5a1fc9,60026
ev_daf1c86adc5a1fc9,60059
ev_daf1c86adc5a1fc9,60066
ev_9983cdafe92e22d0,60022
ev_9983cdafe92e22d0,60025
ev_9983cdafe92e22d0,60026
ev_9983cdafe92e22d0,60062
ev_9983cdafe92e22d0,60065
ev_9983cdafe92e22d0,60066
ev_40b98aa277d49851,60022
ev_40b98aa277d49851,60025
ev_40b98aa277d49851,60026
ev_40b98aa277d49851,60062
ev_40b98aa277d49851,60065
ev_40b98aa277d49851,60066
ev_9b9f9e20f2ee5aaa,60023
ev_9b9f9e20f2ee5aaa,60063
ev_79f2351e99364d2d,60019
ev_79f2351e99364d2d,60022
ev_79f2351e99364d2d,60024
ev_79f2351e99364d2d,60059
ev_79f2351e99364d2d,60062
ev_79f2351e99364d2d,60064
ev_541e9a6e7a234ce3,60039
ev_541e9a6e7a234ce3,60040
ev_541e9a6e7a234ce3,60079
ev_541e9a6e7a234ce3,60080
ev_c9450cf70c4637b7,60021
ev_c9450cf70c4637b7,60022
ev_c9450cf70c4637b7,60027
ev_c9450cf70c4637b7,60034
ev_c9450cf70c4637b7,60061
ev_c9450cf70c4637b7,60062
ev_c9450cf70c4637b7,60067
ev_c9450cf70c4637b7,60074
ev_6f8ad3fdf474374b,60021
ev_6f8ad3fdf474374b,60022
ev_6f8ad3fdf474374b,60034
ev_6f8ad3fdf474374b,60038
ev_6f8ad3fdf474374b,60061
ev_6f8ad3fdf474374b,60062
ev_6f8ad3fdf474374b,60074
ev_6f8ad3fdf474374b,60078
ev_7e1ca0290506e824,60021
ev_7e1ca0290506e824,60022
ev_7e1ca0290506e824,60034
ev_7e1ca0290506e824,60038
ev_7e1ca0290506e824,60061
ev_7e1ca0290506e824,60062
ev_7e1ca0290506e824,60074
ev_7e1ca0290506e824,60078
ev_bf9c747278b394e6,60023
ev_bf9c747278b394e6,60063
ev_45c34c0853172440,60018
ev_45c34c0853172440,60019
ev_45c34c0853172440,60021
ev_45c34c0853172440,60022
ev_45c34c0853172440,60025
ev_45c34c0853172440,60058
ev_45c34c0853172440,60059
ev_45c34c0853172440,60061
ev_45c34c0853172440,60062
ev_45c34c0853172440,60065
ev_1d2a7cff6760ea56,60019
ev_1d2a7cff6760ea56,60022
ev_1d2a7cff6760ea56,60023
ev_1d2a7cff6760ea56,60024
ev_1d2a7cff6760ea56,60059
ev_1d2a7cff6760ea56,60062
ev_1d2a7cff6760ea56,60063
ev_1d2a7cff6760ea56,60064
ev_24b499a93ccc3655,60060
ev_24b499a93ccc3655,60062
ev_24b499a93ccc3655,60070
ev_24b499a93ccc3655,60077
ev_24b499a93ccc3655,60078
ev_0dda796fb18c7145,60060
ev_0dda796fb18c7145,60062
ev_0dda796fb18c7145,60070
ev_0dda796fb18c7145,60077
ev_0dda796fb18c7145,60078
ev_dc0a69e384cd15d0,60018
ev_dc0a69e384cd15d0,60019
ev_dc0a69e384cd15d0,60022
ev_dc0a69e384cd15d0,60026
ev_dc0a69e384cd15d0,60058
ev_dc0a69e384cd15d0,60059
ev_dc0a69e384cd15d0,60062
ev_dc0a69e384cd15d0,60066
ev_9af1fd68a39f0992,60039
ev_9af1fd68a39f0992,60040
ev_9af1fd68a39f0992,60079
ev_9af1fd68a39f0992,60080
ev_e20c87233a143795,60021
ev_e20c87233a143795,60022
ev_e20c87233a143795,60025
ev_e20c87233a143795,60061
ev_e20c87233a143795,60062
ev_e20c87233a143795,60065
ev_438e47a1ea23085d,60021
ev_438e47a1ea23085d,60022
ev_438e47a1ea23085d,60025
ev_438e47a1ea23085d,60061
ev_438e47a1ea23085d,60062
ev_438e47a1ea23085d,60065
ev_5bef3e4864fe3424,60062
ev_5bef3e4864fe3424,60065
ev_5bef3e4864fe3424,60078
ev_72a4e3a8ce6e7233,60062
ev_72a4e3a8ce6e7233,60065
ev_72a4e3a8ce6e7233,60078
ev_9e6dcb45414988ff,60039
ev_9e6dcb45414988ff,60040
ev_9e6dcb45414988ff,60079
ev_9e6dcb45414988ff,60080
ev_767af2a746784deb,60021
ev_767af2a746784deb,60022
ev_767af2a746784deb,60027
ev_767af2a746784deb,60034
ev_767af2a746784deb,60061
ev_767af2a746784deb,60062
ev_767af2a746784deb,60067
ev_767af2a746784deb,60074
ev_df7107f1e26b8116,60021
ev_df7107f1e26b8116,60022
ev_df7107f1e26b8116,60034
ev_df7107f1e26b8116,60037
ev_df7107f1e26b8116,60038
ev_df7107f1e26b8116,60061
ev_df7107f1e26b8116,60062
ev_df7107f1e26b8116,60074
ev_df7107f1e26b8116,60077
ev_df7107f1e26b8116,60078
ev_f3ab5c7ac1d721bb,60021
ev_f3ab5c7ac1d721bb,60022
ev_f3ab5c7ac1d721bb,60034
ev_f3ab5c7ac1d721bb,60038
ev_f3ab5c7ac1d721bb,60061
ev_f3ab5c7ac1d721bb,60062
ev_f3ab5c7ac1d721bb,60074
ev_f3ab5c7ac1d721bb,60077
ev_f3ab5c7ac1d721bb,60078
ev_856f44fb128a4805,60022
ev_856f44fb128a4805,60025
ev_856f44fb128a4805,60026
ev_856f44fb128a4805,60062
ev_856f44fb128a4805,60065
ev_856f44fb128a4805,60066
ev_fc0c0b6367f9400d,60022
ev_fc0c0b6367f9400d,60025
ev_fc0c0b6367f9400d,60026
ev_fc0c0b6367f9400d,60062
ev_fc0c0b6367f9400d,60065
ev_fc0c0b6367f9400d,60066
ev_ecbba6e2dfe25e70,60023
ev_ecbba6e2dfe25e70,60063
ev_0736feedb33addd1,60022
ev_0736feedb33addd1,60025
ev_0736feedb33addd1,60038
ev_0736feedb33addd1,60062
ev_0736feedb33addd1,60065
ev_0736feedb33addd1,60078
ev_0d2d4fac5e088f05,60022
ev_0d2d4fac5e088f05,60038
ev_0d2d4fac5e088f05,60062
ev_0d2d4fac5e088f05,60078
ev_74cbccee1df006ef,60022
ev_74cbccee1df006ef,60025
ev_74cbccee1df006ef,60038
ev_74cbccee1df006ef,60062
ev_74cbccee1df006ef,60065
ev_74cbccee1df006ef,60078
ev_271143faf7b7bfdd,60022
ev_271143faf7b7bfdd,60027
ev_271143faf7b7bfdd,60028
ev_271143faf7b7bfdd,60034
ev_271143faf7b7bfdd,60035
ev_271143faf7b7bfdd,60036
ev_271143faf7b7bfdd,60037
ev_271143faf7b7bfdd,60038
ev_271143faf7b7bfdd,60062
ev_271143faf7b7bfdd,60067
ev_271143faf7b7bfdd,60068
ev_271143faf7b7bfdd,60074
ev_271143faf7b7bfdd,60075
ev_271143faf7b7bfdd,60076
ev_271143faf7b7bfdd,60077
ev_271143faf7b7bfdd,60078
ev_664515c2033bdf69,60022
ev_664515c2033bdf69,60027
ev_664515c2033bdf69,60028
ev_664515c2033bdf69,60034
ev_664515c2033bdf69,60035
ev_664515c2033bdf69,60036
ev_664515c2033bdf69,60037
ev_664515c2033bdf69,60038
ev_664515c2033bdf69,60062
ev_664515c2033bdf69,60067
ev_664515c2033bdf69,60068
ev_664515c2033bdf69,60074
ev_664515c2033bdf69,60075
ev_664515c2033bdf69,60076
ev_664515c2033bdf69,60077
ev_664515c2033bdf69,60078
ev_e65ae284f04de95c,60021
ev_e65ae284f04de95c,60022
ev_e65ae284f04de95c,60025
ev_e65ae284f04de95c,60027
ev_e65ae284f04de95c,60034
ev_e65ae284f04de95c,60061
ev_e65ae284f04de95c,60062
ev_e65ae284f04de95c,60065
ev_e65ae284f04de95c,60067
ev_e65ae284f04de95c,60074
ev_fa38d35ab4c14fda,60021
ev_fa38d35ab4c14fda,60022
ev_fa38d35ab4c14fda,60025
ev_fa38d35ab4c14fda,60027
ev_fa38d35ab4c14fda,60034
ev_fa38d35ab4c14fda,60061
ev_fa38d35ab4c14fda,60062
ev_fa38d35ab4c14fda,60065
ev_fa38d35ab4c14fda,60067
ev_fa38d35ab4c14fda,60074
ev_6196767b7b11a53c,60039
ev_6196767b7b11a53c,60040
ev_6196767b7b11a53c,60079
ev_6196767b7b11a53c,60080
ev_0453c879f1217bce,60021
ev_0453c879f1217bce,60022
ev_0453c879f1217bce,60025
ev_0453c879f1217bce,60061
ev_0453c879f1217bce,60062
ev_0453c879f1217bce,60065
ev_8304877af93c3dce,60021
ev_8304877af93c3dce,60022
ev_8304877af93c3dce,60025
ev_8304877af93c3dce,60061
ev_8304877af93c3dce,60062
ev_8304877af93c3dce,60065
ev_92f302c4a3d97a53,60014
ev_92f302c4a3d97a53,60015
ev_92f302c4a3d97a53,60016
ev_92f302c4a3d97a53,60017
ev_92f302c4a3d97a53,60054
ev_92f302c4a3d97a53,60055
ev_92f302c4a3d97a53,60056
ev_92f302c4a3d97a53,60057
ev_0b7b892a982c9ba7,60014
ev_0b7b892a982c9ba7,60015
ev_0b7b892a982c9ba7,60016
ev_0b7b892a982c9ba7,60017
ev_0b7b892a982c9ba7,60054
ev_0b7b892a982c9ba7,60055
ev_0b7b892a982c9ba7,60056
ev_0b7b892a982c9ba7,60057
ev_df47f592cff00ab3,60016
ev_df47f592cff00ab3,60017
ev_df47f592cff00ab3,60033
ev_df47f592cff00ab3,60056
ev_df47f592cff00ab3,60057
ev_df47f592cff00ab3,60073
ev_d670480c9bdb8e47,60016
ev_d670480c9bdb8e47,60031
ev_d670480c9bdb8e47,60033
ev_d670480c9bdb8e47,60056
ev_d670480c9bdb8e47,60071
ev_d670480c9bdb8e47,60073
ev_bd47137c9ea0dfc9,60062
ev_bd47137c9ea0dfc9,60078
ev_55fef27ed813f7fd,60037
ev_55fef27ed813f7fd,60038
ev_55fef27ed813f7fd,60062
ev_55fef27ed813f7fd,60070
ev_55fef27ed813f7fd,60077
ev_55fef27ed813f7fd,60078
ev_76cc19f0a9bd11f7,60038
ev_76cc19f0a9bd11f7,60062
ev_76cc19f0a9bd11f7,60070
ev_76cc19f0a9bd11f7,60077
ev_76cc19f0a9bd11f7,60078
ev_26bd61f8765158c5,60019
ev_26bd61f8765158c5,60025
ev_26bd61f8765158c5,60026
ev_26bd61f8765158c5,60059
ev_26bd61f8765158c5,60065
ev_26bd61f8765158c5,60066
ev_7b197fed8182a2c4,60039
ev_7b197fed8182a2c4,60040
ev_7b197fed8182a2c4,60079
ev_7b197fed8182a2c4,60080
ev_c458f9dd1f2a376e,60039
ev_c458f9dd1f2a376e,60040
ev_c458f9dd1f2a376e,60079
ev_c458f9dd1f2a376e,60080
ev_a3d1cbe682e5c9ea,60021
ev_a3d1cbe682e5c9ea,60027
ev_a3d1cbe682e5c9ea,60034
ev_a3d1cbe682e5c9ea,60061
ev_a3d1cbe682e5c9ea,60067
ev_a3d1cbe682e5c9ea,60074
ev_7a53793d307bec4f,60021
ev_7a53793d307bec4f,60027
ev_7a53793d307bec4f,60034
ev_7a53793d307bec4f,60061
ev_7a53793d307bec4f,60067
ev_7a53793d307bec4f,60074
ev_caf4f0896f70d832,50013
ev_caf4f0896f70d832,50089
ev_b11cdfc1a47b1dcb,50089
ev_b11cdfc1a47b1dcb,50090
ev_fc6caa3878cad4ad,50013
ev_fc6caa3878cad4ad,50089
ev_9d00a2d8ddf1e908,50019
ev_9d00a2d8ddf1e908,50020
ev_9d00a2d8ddf1e908,50046
ev_9d00a2d8ddf1e908,50069
ev_9d00a2d8ddf1e908,50093
ev_6f250a901994df80,50019
ev_6f250a901994df80,50020
ev_6f250a901994df80,50046
ev_6f250a901994df80,50069
ev_6f250a901994df80,50093
ev_bb94baea75b71f49,50042
ev_bb94baea75b71f49,50066
ev_bb94baea75b71f49,50088
ev_bb94baea75b71f49,50089
ev_3eab26b373174082,50022
ev_3eab26b373174082,50025
ev_3eab26b373174082,50048
ev_3eab26b373174082,50049
ev_3eab26b373174082,50071
ev_3eab26b373174082,50094
ev_3eab26b373174082,50096
ev_b4164c7bead94d31,50013
ev_b4164c7bead94d31,50042
ev_b4164c7bead94d31,50066
ev_b4164c7bead94d31,50088
ev_b4164c7bead94d31,50089
ev_d62508fc0dd8dc57,50042
ev_d62508fc0dd8dc57,50066
ev_d62508fc0dd8dc57,50088
ev_d62508fc0dd8dc57,50089
ev_ec70dd17844c0662,50022
ev_ec70dd17844c0662,50025
ev_ec70dd17844c0662,50048
ev_ec70dd17844c0662,50049
ev_ec70dd17844c0662,50071
ev_ec70dd17844c0662,50094
ev_ec70dd17844c0662,50096
ev_0d7956b12c995759,50050
ev_0d7956b12c995759,50072
ev_d3f31b67444c4a55,50022
ev_d3f31b67444c4a55,50025
ev_d3f31b67444c4a55,50048
ev_d3f31b67444c4a55,50049
ev_d3f31b67444c4a55,50071
ev_d3f31b67444c4a55,50094
ev_d3f31b67444c4a55,50096
ev_6d91253ca45c76fc,50013
ev_6d91253ca45c76fc,50042
ev_6d91253ca45c76fc,50066
ev_6d91253ca45c76fc,50088
ev_6d91253ca45c76fc,50089
ev_eddbbbe2b24bd9f5,50024
ev_eddbbbe2b24bd9f5,50050
ev_eddbbbe2b24bd9f5,50072
ev_eddbbbe2b24bd9f5,50097
ev_761df104692a2521,50017
ev_761df104692a2521,50018
ev_761df104692a2521,50020
ev_761df104692a2521,50045
ev_761df104692a2521,50068
ev_761df104692a2521,50092
ev_79c78f362c1b07d1,50024
ev_79c78f362c1b07d1,50050
ev_79c78f362c1b07d1,50072
ev_79c78f362c1b07d1,50097
ev_d217ae24295b994e,50024
ev_d217ae24295b994e,50050
ev_d217ae24295b994e,50072
ev_d217ae24295b994e,50097
ev_7b668b80e1f9c70c,50024
ev_7b668b80e1f9c70c,50050
ev_7b668b80e1f9c70c,50072
ev_7b668b80e1f9c70c,50097
ev_a461dfe21ff5c437,50022
ev_a461dfe21ff5c437,50024
ev_a461dfe21ff5c437,50048
ev_a461dfe21ff5c437,50049
ev_a461dfe21ff5c437,50050
ev_a461dfe21ff5c437,50071
ev_a461dfe21ff5c437,50072
ev_a461dfe21ff5c437,50094
ev_a461dfe21ff5c437,50096
ev_a461dfe21ff5c437,50097
ev_b89a7580ea9f61c2,50019
ev_b89a7580ea9f61c2,50020
ev_b89a7580ea9f61c2,50046
ev_b89a7580ea9f61c2,50069
ev_b89a7580ea9f61c2,50093
ev_8f15696e915307a8,50019
ev_8f15696e915307a8,50020
ev_8f15696e915307a8,50046
ev_8f15696e915307a8,50069
ev_8f15696e915307a8,50093
ev_1f219f9325e9e628,50089
ev_1f219f9325e9e628,50090
ev_16c53e6a19b77056,50089
ev_d21a2545ca360322,50013
ev_d21a2545ca360322,50089
ev_d21a2545ca360322,50090
ev_697152fcd88afe79,50022
ev_697152fcd88afe79,50025
ev_697152fcd88afe79,50048
ev_697152fcd88afe79,50049
ev_697152fcd88afe79,50071
ev_697152fcd88afe79,50094
ev_697152fcd88afe79,50096
ev_518ff6e1fc430005,50016
ev_518ff6e1fc430005,50044
ev_6a8d0a226fab17e1,50022
ev_6a8d0a226fab17e1,50025
ev_6a8d0a226fab17e1,50048
ev_6a8d0a226fab17e1,50049
ev_6a8d0a226fab17e1,50071
ev_6a8d0a226fab17e1,50094
ev_6a8d0a226fab17e1,50096
ev_cfc54e381449693a,50016
ev_cfc54e381449693a,50044
ev_22ab7f6949e0f200,21
ev_22ab7f6949e0f200,22
ev_cc81ba74f990871b,21
ev_3a722b292fcf211d,20
ev_3a722b292fcf211d,21
ev_3a722b292fcf211d,22
ev_3a722b292fcf211d,23
ev_6ed8eaabc3c8a479,25
ev_6ed8eaabc3c8a479,26
ev_6ed8eaabc3c8a479,27
ev_6ed8eaabc3c8a479,28
ev_6ed8eaabc3c8a479,38
ev_af8ed02552287b70,26
ev_af8ed02552287b70,27
ev_31f05113be12a10a,25
ev_31f05113be12a10a,26
ev_31f05113be12a10a,38
ev_8d813364503aaa3d,25
ev_8d813364503aaa3d,26
ev_8d813364503aaa3d,27
ev_8d813364503aaa3d,28
ev_8d813364503aaa3d,38
ev_1cc0411166e2c084,25
ev_1cc0411166e2c084,26
ev_1cc0411166e2c084,27
ev_1cc0411166e2c084,28
ev_1cc0411166e2c084,38
ev_e3ca06ff6e49f2a3,21
ev_e3ca06ff6e49f2a3,43
ev_8a9ee47f10783bc2,35
ev_8a9ee47f10783bc2,43
ev_8a9ee47f10783bc2,44
ev_f36881804db0a3d7,31
ev_f36881804db0a3d7,35
ev_f36881804db0a3d7,36
ev_9352bdebcadfbff1,26
ev_9352bdebcadfbff1,28
ev_9352bdebcadfbff1,38
ev_cf27cf1d647c16b5,32
ev_948a2f172a720d1e,32
ev_948a2f172a720d1e,36
ev_607dd9c496f13479,45
ev_607dd9c496f13479,46
ev_607dd9c496f13479,47
ev_599c55db40725100,24
ev_599c55db40725100,25
ev_599c55db40725100,30
ev_83cc1ac9ebeb6f4e,32
ev_83cc1ac9ebeb6f4e,36
ev_31bda2880cdf2f70,32
ev_31bda2880cdf2f70,35
ev_31bda2880cdf2f70,36
ev_a7e020634d66873b,24
ev_a7e020634d66873b,25
ev_a7e020634d66873b,30
ev_3566a2e613df885c,35
ev_3566a2e613df885c,36
ev_da6d6a95317f8769,35
ev_da6d6a95317f8769,36
ev_6bd8adcc0466f5e8,25
ev_6bd8adcc0466f5e8,26
ev_6bd8adcc0466f5e8,27
ev_6bd8adcc0466f5e8,28
ev_6bd8adcc0466f5e8,38
ev_ebcd45e6fbaea023,25
ev_ebcd45e6fbaea023,26
ev_ebcd45e6fbaea023,27
ev_ebcd45e6fbaea023,28
ev_ebcd45e6fbaea023,38
ev_775df719e4109f35,25
ev_775df719e4109f35,26
ev_775df719e4109f35,27
ev_775df719e4109f35,28
ev_775df719e4109f35,38
ev_9fb73886500f22fb,45
ev_9fb73886500f22fb,46
ev_9fb73886500f22fb,47
ev_e56b7f45b52d6917,25
ev_e56b7f45b52d6917,26
ev_e56b7f45b52d6917,30
ev_81ede1180a27bdd2,24
ev_81ede1180a27bdd2,25
ev_81ede1180a27bdd2,30
ev_cc557f50fe4196a8,25
ev_cc557f50fe4196a8,26
ev_6fd8a6d0c1ffaf14,25
ev_6fd8a6d0c1ffaf14,26
ev_6fd8a6d0c1ffaf14,27
ev_6fd8a6d0c1ffaf14,28
ev_6fd8a6d0c1ffaf14,38
ev_d9f35f66bb0e7f0b,25
ev_d9f35f66bb0e7f0b,26
ev_d9f35f66bb0e7f0b,27
ev_d9f35f66bb0e7f0b,28
ev_d9f35f66bb0e7f0b,38
ev_71520ab5395109bd,25
ev_71520ab5395109bd,26
ev_71520ab5395109bd,27
ev_71520ab5395109bd,28
ev_71520ab5395109bd,38
ev_90b3f3a69fade22c,32
ev_90b3f3a69fade22c,36
ev_ddce6c984b59de63,25
ev_ddce6c984b59de63,27
ev_ddce6c984b59de63,30
ev_56e6e4e99639e507,25
ev_56e6e4e99639e507,30
ev_0cc3d3efc799d558,25
ev_0cc3d3efc799d558,26
ev_0cc3d3efc799d558,27
ev_0cc3d3efc799d558,28
ev_0cc3d3efc799d558,38
ev_4cd2c17d6edaf94d,25
ev_4cd2c17d6edaf94d,26
ev_4cd2c17d6edaf94d,27
ev_4cd2c17d6edaf94d,28
ev_4cd2c17d6edaf94d,38
ev_09f412661bd0c620,25
ev_09f412661bd0c620,26
ev_09f412661bd0c620,27
ev_09f412661bd0c620,28
ev_09f412661bd0c620,38
ev_5848cea4f103b645,25
ev_5848cea4f103b645,28
ev_5848cea4f103b645,38
ev_edc5ee5878b0bf05,45
ev_edc5ee5878b0bf05,46
ev_edc5ee5878b0bf05,47
ev_e35394f59ef10164,25
ev_e35394f59ef10164,26
ev_e35394f59ef10164,27
ev_e35394f59ef10164,28
ev_e35394f59ef10164,38
ev_b7401abce3645b24,25
ev_b7401abce3645b24,26
ev_b7401abce3645b24,27
ev_b7401abce3645b24,28
ev_b7401abce3645b24,38
ev_b31ade52e7b4c7f4,25
ev_b31ade52e7b4c7f4,26
ev_b31ade52e7b4c7f4,27
ev_b31ade52e7b4c7f4,28
ev_b31ade52e7b4c7f4,38
ev_74af9c58fdf984dc,25
ev_74af9c58fdf984dc,26
ev_74af9c58fdf984dc,27
ev_74af9c58fdf984dc,28
ev_74af9c58fdf984dc,38
ev_eb267663623c3546,25
ev_eb267663623c3546,26
ev_eb267663623c3546,27
ev_eb267663623c3546,28
ev_eb267663623c3546,38
ev_aed6105eeba88769,25
ev_aed6105eeba88769,26
ev_aed6105eeba88769,27
ev_aed6105eeba88769,28
ev_aed6105eeba88769,38
ev_ef6f3fbd1bb62b91,25
ev_ef6f3fbd1bb62b91,26
ev_ef6f3fbd1bb62b91,27
ev_ef6f3fbd1bb62b91,28
ev_ef6f3fbd1bb62b91,38
ev_7d1554ebf10ef8ad,25
ev_7d1554ebf10ef8ad,26
ev_7d1554ebf10ef8ad,27
ev_7d1554ebf10ef8ad,28
ev_7d1554ebf10ef8ad,38
ev_5d738f6d9c1583c8,25
ev_5d738f6d9c1583c8,26
ev_5d738f6d9c1583c8,27
ev_5d738f6d9c1583c8,28
ev_5d738f6d9c1583c8,38
ev_1fd9d74a80575a07,19
ev_1fd9d74a80575a07,20
ev_bacb56d90d72fecb,29
ev_bacb56d90d72fecb,30
ev_bacb56d90d72fecb,35
ev_bacb56d90d72fecb,36
ev_b0104ed071b799f7,35
ev_b0104ed071b799f7,36
ev_73553457b5d41c18,35
ev_73553457b5d41c18,41
ev_73553457b5d41c18,42
ev_73553457b5d41c18,43
ev_73553457b5d41c18,44
ev_eb133b1abbd281e3,41
ev_eb133b1abbd281e3,42
ev_eb133b1abbd281e3,43
ev_eb133b1abbd281e3,44
ev_6a81de6f3eee0157,32
ev_14873bf077a780b6,21
ev_14873bf077a780b6,22
ev_14873bf077a780b6,41
ev_14873bf077a780b6,43
ev_14873bf077a780b6,44
ev_55146a2236611632,40
ev_0d6fda9199f75b2f,39
ev_40fece6d8cd2fae8,24
ev_40fece6d8cd2fae8,39
ev_55210ed86fc5c9df,20
ev_55210ed86fc5c9df,21
ev_55210ed86fc5c9df,22
ev_55210ed86fc5c9df,23
ev_55210ed86fc5c9df,33
ev_55210ed86fc5c9df,40
ev_81af63f4fa156bff,25
ev_81af63f4fa156bff,30
ev_81af63f4fa156bff,39
ev_5867bf984070e4b1,24
ev_5867bf984070e4b1,25
ev_5867bf984070e4b1,30
ev_5867bf984070e4b1,39
ev_25fa38cd0b47c10c,19
ev_25fa38cd0b47c10c,20
ev_25fa38cd0b47c10c,21
ev_25fa38cd0b47c10c,24
ev_25fa38cd0b47c10c,25
ev_25fa38cd0b47c10c,30
ev_25fa38cd0b47c10c,33
ev_25fa38cd0b47c10c,39
ev_25fa38cd0b47c10c,40
ev_b2e6df8b0cb15862,45
ev_b2e6df8b0cb15862,46
ev_b2e6df8b0cb15862,47
ev_866161d92c177d70,31
ev_866161d92c177d70,32
ev_866161d92c177d70,34
ev_866161d92c177d70,35
ev_866161d92c177d70,36
ev_2e8f2697928bb684,45
ev_2e8f2697928bb684,46
ev_2e8f2697928bb684,47
ev_3fabf8abfcc7efc6,45
ev_3fabf8abfcc7efc6,46
ev_3fabf8abfcc7efc6,47
ev_f7c8c3f9e9d629cf,45
ev_f7c8c3f9e9d629cf,46
ev_f7c8c3f9e9d629cf,47
ev_2ebfb1bb049576e4,45
ev_2ebfb1bb049576e4,46
ev_2ebfb1bb049576e4,47
ev_dea021ecb1511194,45
ev_dea021ecb1511194,46
ev_dea021ecb1511194,47
