community,type,document_type,document_label,document_year,document_url
Afton,City,ghg_inventory,Twin Cities GHG Inventory,,https://metrocouncil.org/tcghginventory.aspx
Akeley,City,adaptation_resiliency_plan,,,https://palebluedot.llc/akeley-minnesota-climate-vulnerability-and-adaptation
Akeley,City,vulnerable_population_assessment,,,https://palebluedot.llc/akeley-minnesota-climate-vulnerability-and-adaptation
Albert Lea,City,adaptation_resiliency_plan,,,https://palebluedot.llc/albert-lea-minnesota-climate-vulnerability-and-adaptation
Albert Lea,City,climate_action_plan,,2021,https://palebluedot.llc/albert-lea-cap
Albert Lea,City,equity_human_rights_commission,,,https://cityofalbertlea.org/boards-and-commissions/
Albert Lea,City,ghg_inventory,RII,,https://www.regionalindicatorsmn.com/city-summary
Albert Lea,City,ghg_reduction_goal,,2021,https://palebluedot.llc/albert-lea-cap
Albert Lea,City,green_team_internal_staff,,,https://www.cityofalbertlea.org/about-albert-lea/green-initiative/
Albert Lea,City,vulnerable_population_assessment,,,https://palebluedot.llc/albert-lea-minnesota-climate-vulnerability-and-adaptation
Andover,City,ghg_inventory,Twin Cities GHG Inventory,,https://metrocouncil.org/tcghginventory.aspx
Anoka,City,equity_human_rights_commission,,,https://www.ci.anoka.mn.us/?SEC=66875D44-7968-42A2-8252-8EEEF8DBE92A
Anoka,City,ghg_inventory,Twin Cities GHG Inventory,,https://metrocouncil.org/tcghginventory.aspx
Apple Valley,City,formal_commitment,U.S. Conference of Mayors' Climate Protection Agreement,,https://www.usmayors.org/programs/mayors-climate-protection-center/
Apple Valley,City,ghg_inventory,Twin Cities GHG Inventory,,https://metrocouncil.org/tcghginventory.aspx
Arden Hills,City,ghg_inventory,Twin Cities GHG Inventory,,https://metrocouncil.org/tcghginventory.aspx
Arlington,City,ghg_inventory,RII,,https://www.regionalindicatorsmn.com/city-summary
Aurora,City,formal_commitment,U.S. Conference of Mayors' Climate Protection Agreement,,https://www.usmayors.org/programs/mayors-climate-protection-center/
Austin,City,environmental_sustainability_commission,,,http://www.ci.austin.mn.us/boards-commissions/austin-sustainability-taskforce
Austin,City,equity_human_rights_commission,,,https://gcc01.safelinks.protection.outlook.com/?url=http%3A%2F%2Fwww.ci.austin.mn.us%2Fboards-commissions%2Fhuman-rights-commission&data=02%7C01%7CTaylor.Putz%40state.mn.us%7C27b323bea5d248534e6808d7e209fc3f%7Ceb14b04624c445198f26b89c2159828c%7C0%7C0%7C637226404816339673&sdata=D2jF7CvNBWC2w0E485BfbYI58n5GlrG5lW5pQ647jnw%3D&reserved=0
Austin,City,formal_commitment,U.S. Conference of Mayors' Climate Protection Agreement,,https://www.usmayors.org/programs/mayors-climate-protection-center/
Austin,City,ghg_inventory,RII,,https://www.regionalindicatorsmn.com/city-summary
Belle Plaine,City,ghg_inventory,Twin Cities GHG Inventory,,https://metrocouncil.org/tcghginventory.aspx
Belle Plaine,City,green_team_internal_staff,,,
Bemidji,City,environmental_sustainability_commission,,,https://www.ci.bemidji.mn.us/index.asp?SEC=A5D5A529-B582-4BE4-A34E-76B0A43E3A06&Type=B_BASIC
Bemidji,City,formal_commitment,U.S. Conference of Mayors' Climate Protection Agreement,,https://www.usmayors.org/programs/mayors-climate-protection-center/
Bemidji,City,ghg_inventory,RII,,https://www.regionalindicatorsmn.com/city-summary
Blaine,City,ghg_inventory,Twin Cities GHG Inventory,,https://metrocouncil.org/tcghginventory.aspx
Bloomington,City,energy_action_plan,,2018,https://www.bloomingtonmn.gov/sites/default/files/media/bloomington-approved_energy_action_plan.pdf
Bloomington,City,environmental_sustainability_commission,,,https://www.bloomingtonmn.gov/pw/sustainability-commission
Bloomington,City,equity_human_rights_commission,,,https://www.bloomingtonmn.gov/hrc/human-rights-commission
Bloomington,City,equity_plan,,,https://www.bloomingtonmn.gov/equity/racial-equity-and-inclusion
Bloomington,City,formal_commitment,Climate Emergency Declaration,,https://www.bloomingtonmn.gov/sites/default/files/2022-03/CC%20Resolutions%201242022%202022-14.pdf
Bloomington,City,formal_commitment,Climate Mayors,,https://www.bloomingtonmn.gov/sites/default/files/2021-12/CC%20Resolutions%208282017%202017-98.pdf
Bloomington,City,ghg_inventory,Twin Cities GHG Inventory,,https://metrocouncil.org/tcghginventory.aspx
Bloomington,City,ghg_reduction_goal,,2018,https://www.bloomingtonmn.gov/sites/default/files/media/bloomington-approved_energy_action_plan.pdf
Bois Forte Band of Chippewa,Tribal Nation,adaptation_resiliency_plan,,,https://www.1854treatyauthority.org/images/ClimateAdaptationPlan_Final-July_2016-optimized(1).pdf
Brainerd,City,adaptation_resiliency_plan,,,https://palebluedot.llc/brainerd-minnesota-climate-vulnerability-and-adaptation
Brainerd,City,ghg_inventory,RII,,https://www.regionalindicatorsmn.com/city-summary
Brainerd,City,vulnerable_population_assessment,,,https://palebluedot.llc/brainerd-minnesota-climate-vulnerability-and-adaptation
Brooklyn Center,City,formal_commitment,U.S. Conference of Mayors' Climate Protection Agreement,,https://www.usmayors.org/programs/mayors-climate-protection-center/
Brooklyn Center,City,ghg_inventory,Twin Cities GHG Inventory,,https://metrocouncil.org/tcghginventory.aspx
Brooklyn Park,City,adaptation_resiliency_plan,,,https://palebluedot.llc/brooklyn-park-minnesota-climate-vulnerability-and-adaptation
Brooklyn Park,City,equity_human_rights_commission,,,https://www.brooklynpark.org/volunteer/commissions/human-rights-commission/
Brooklyn Park,City,ghg_inventory,Twin Cities GHG Inventory,,https://metrocouncil.org/tcghginventory.aspx
Brooklyn Park,City,green_team_internal_staff,,,
Brooklyn Park,City,vulnerable_population_assessment,,,https://palebluedot.llc/brooklyn-park-minnesota-climate-vulnerability-and-adaptation
Buhl,City,formal_commitment,U.S. Conference of Mayors' Climate Protection Agreement,,https://www.usmayors.org/programs/mayors-climate-protection-center/
Burnsville,City,adaptation_resiliency_plan,,,https://palebluedot.llc/burnsville-minnesota-climate-vulnerability-and-adaptation
Burnsville,City,climate_action_plan,,2020,https://burnsvillemn.gov/DocumentCenter/View/1287/Sustainability-Guide-Plan?bidId=
Burnsville,City,energy_action_plan,,2020,https://burnsvillemn.gov/DocumentCenter/View/1287/Sustainability-Guide-Plan?bidId=
Burnsville,City,environmental_sustainability_commission,,,https://www.burnsvillemn.gov/67/Parks-Natural-Resources-Commission
Burnsville,City,formal_commitment,Climate Mayors,,https://climatemayors.org/member-cities/
Burnsville,City,formal_commitment,U.S. Conference of Mayors' Climate Protection Agreement,,https://www.usmayors.org/programs/mayors-climate-protection-center/
Burnsville,City,ghg_inventory,Twin Cities GHG Inventory,,https://metrocouncil.org/tcghginventory.aspx
Burnsville,City,ghg_reduction_goal,,2020,https://burnsvillemn.gov/DocumentCenter/View/1287/Sustainability-Guide-Plan?bidId=
Burnsville,City,green_team_internal_staff,,,
Burnsville,City,vulnerable_population_assessment,,,https://palebluedot.llc/burnsville-minnesota-climate-vulnerability-and-adaptation
Carnelian-Marine-St. Croix Watershed District,Watershed,adaptation_resiliency_plan,,,https://www.cmscwd.org/management-plan
Carver,City,formal_commitment,Climate Mayors,,https://climatemayors.org/member-cities/
Carver,City,ghg_inventory,Twin Cities GHG Inventory,,https://metrocouncil.org/tcghginventory.aspx
Cass Lake,City,energy_action_plan,,2022,https://www.regionfive.org/casslake
Champlin,City,environmental_sustainability_commission,,,https://ci.champlin.mn.us/environmental-resources-commission/
Champlin,City,ghg_inventory,Twin Cities GHG Inventory,,https://metrocouncil.org/tcghginventory.aspx
Chanhassen,City,environmental_sustainability_commission,,,http://www.ci.chanhassen.mn.us/246/Environmental
Chanhassen,City,ghg_inventory,Twin Cities GHG Inventory,,https://metrocouncil.org/tcghginventory.aspx
Chisholm,City,formal_commitment,U.S. Conference of Mayors' Climate Protection Agreement,,https://www.usmayors.org/programs/mayors-climate-protection-center/
Circle Pines,City,ghg_inventory,Twin Cities GHG Inventory,,https://metrocouncil.org/tcghginventory.aspx
Circle Pines,City,green_team_internal_staff,,,
Cologne,City,ghg_inventory,Twin Cities GHG Inventory,,https://metrocouncil.org/tcghginventory.aspx
Columbia Heights,City,formal_commitment,Climate Emergency Declaration,,"https://meetings.municode.com/d/f?u=https://mccmeetings.blob.core.usgovcloudapi.net/columbhtmn-pubu/MEET-Packet-6308f6f39a1740f5933400124e0f2363.pdf&n=AgendaPacket-City%20Council%20Meeting-January%2024,%202022%207.00%20PM.pdf"
Columbia Heights,City,ghg_inventory,Twin Cities GHG Inventory,,https://metrocouncil.org/tcghginventory.aspx
Cook County,County,formal_commitment,Climate Emergency Declaration,,https://cocookmn.civicweb.net/document/57403/Climate%20Emergency%20Resolution.pdf?handle=8C852943ED094CA7BFCEAA627408B55B
Coon Rapids,City,energy_action_plan,,2023,https://www.coonrapidsmn.gov/1453/Energy-Action-Plan
Coon Rapids,City,environmental_sustainability_commission,,,https://www.coonrapidsmn.gov/160/Sustainability-Green-Commission
Coon Rapids,City,ghg_inventory,Twin Cities GHG Inventory,,https://metrocouncil.org/tcghginventory.aspx
Coon Rapids,City,ghg_reduction_goal,,2023,https://www.coonrapidsmn.gov/1453/Energy-Action-Plan
Coon Rapids,City,green_team_internal_staff,,,
Cottage Grove,City,ghg_inventory,Twin Cities GHG Inventory,,https://metrocouncil.org/tcghginventory.aspx
Crookston,City,adaptation_resiliency_plan,,,https://palebluedot.llc/crookston-minnesota-climate-vulnerability-and-adaptation
Crookston,City,green_team_internal_staff,,,
Crookston,City,vulnerable_population_assessment,,,https://palebluedot.llc/crookston-minnesota-climate-vulnerability-and-adaptation
Crosslake,City,green_team_community_led,,,http://www.crosslakers.com/
Crystal,City,environmental_sustainability_commission,,,https://www.crystalmn.gov/our_city/boards_and_commissions/environmental_quality_commission
Crystal,City,formal_commitment,U.S. Conference of Mayors' Climate Protection Agreement,,https://www.usmayors.org/programs/mayors-climate-protection-center/
Crystal,City,ghg_inventory,Twin Cities GHG Inventory,,https://metrocouncil.org/tcghginventory.aspx
Crystal Bay,Township,formal_commitment,Climate Emergency Declaration,,https://drive.google.com/file/d/1DwiTrVj9Me6lhXdkUUVzph8S_2MwCYkj/view
Dakota County,County,ghg_reduction_goal,,2009,https://www.co.dakota.mn.us/Environment/Energy/Pages/default.aspx
Delano,City,ghg_inventory,RII,,https://www.regionalindicatorsmn.com/city-summary
Delano,City,green_team_internal_staff,,,
Detroit Lakes,City,green_team_joint,,,
Dodge Center,City,green_team_joint,,,
Duluth,City,adaptation_resiliency_plan,,,https://palebluedot.llc/duluth-minnesota-climate-vulnerability-and-adaptation
Duluth,City,climate_action_plan,,2022,https://duluthmn.gov/media/12752/duluth-cawp_final_and_financememo.pdf
Duluth,City,energy_action_plan,,2007,https://imagineduluth.com/media/8739/121317draftpolicies.pdf
Duluth,City,environmental_sustainability_commission,,,https://duluthmn.gov/boards-commissions/energy-plan-commission/
Duluth,City,equity_human_rights_commission,,,https://duluthmn.gov/human-rights-office/
Duluth,City,formal_commitment,Cities Race to Zero,,https://racetozero.unfccc.int/join-the-race/whos-in/
Duluth,City,formal_commitment,Climate Emergency Declaration,,https://duluth-mn.legistar.com/LegislationDetail.aspx?ID=4903076&GUID=64BB4A46-7A7A-4884-AD58-1F6F0119A1D1&Options=ID|Text|&Search=21-0256R
Duluth,City,formal_commitment,Climate Mayors,,https://climatemayors.org/member-cities/
Duluth,City,formal_commitment,U.S. Conference of Mayors' Climate Protection Agreement,,https://www.usmayors.org/programs/mayors-climate-protection-center/
Duluth,City,formal_commitment,We Are Still In,,http://wearestillin.com/
Duluth,City,ghg_inventory,RII,,https://www.regionalindicatorsmn.com/city-summary
Duluth,City,ghg_reduction_goal,,2022,https://duluthmn.gov/media/12752/duluth-cawp_final_and_financememo.pdf
Duluth,City,vulnerable_population_assessment,,,https://palebluedot.llc/duluth-minnesota-climate-vulnerability-and-adaptation
Eagan,City,environmental_sustainability_commission,,,https://www.cityofeagan.com/energy-environment-advisory-commission
Eagan,City,formal_commitment,U.S. Conference of Mayors' Climate Protection Agreement,,https://www.usmayors.org/programs/mayors-climate-protection-center/
Eagan,City,ghg_inventory,Twin Cities GHG Inventory,,https://metrocouncil.org/tcghginventory.aspx
Eden Prarie,City,climate_action_plan,,2020,https://www.edenprairie.org/home/showdocument?id=15547
Eden Prarie,City,energy_action_plan,,2017,http://www.edenprairie.org/home/showdocument?id=9623
Eden Prarie,City,environmental_sustainability_commission,,,https://www.edenprairie.org/city-government/commissions/sustainability-commission
Eden Prarie,City,equity_human_rights_commission,,,https://www.edenprairie.org/city-government/commissions/human-rights-and-diversity-commission
Eden Prarie,City,formal_commitment,Cities Race to Zero,,https://racetozero.unfccc.int/join-the-race/whos-in/
Eden Prarie,City,formal_commitment,Climate Emergency Declaration,,https://www.edenprairie.org/home/showpublisheddocument/16691/637769898741430000
Eden Prarie,City,formal_commitment,Climate Mayors,,https://climatemayors.org/member-cities/
Eden Prarie,City,formal_commitment,U.S. Conference of Mayors' Climate Protection Agreement,,https://www.usmayors.org/programs/mayors-climate-protection-center/
Eden Prarie,City,formal_commitment,We Are Still In,,http://wearestillin.com/
Eden Prarie,City,ghg_inventory,Twin Cities GHG Inventory,,https://metrocouncil.org/tcghginventory.aspx
Eden Prarie,City,ghg_reduction_goal,,2020,https://www.edenprairie.org/home/showdocument?id=15547
Eden Prarie,City,green_team_internal_staff,,,
Edina,City,climate_action_plan,,2021,https://www.edinamn.gov/1779/Climate-Action
Edina,City,environmental_sustainability_commission,,,https://www.edinamn.gov/1545/Energy-Environment-Commission
Edina,City,equity_human_rights_commission,,,https://www.edinamn.gov/1546/Human-Rights-Relations-Commission
Edina,City,equity_plan,,,https://www.edinamn.gov/1379/Race-Equity
Edina,City,formal_commitment,Climate Emergency Declaration,,https://edina.novusagenda.com/AgendaPublic/CoverSheet.aspx?ItemID=12847&MeetingID=1827
Edina,City,formal_commitment,Climate Mayors,,https://climatemayors.org/member-cities/
Edina,City,formal_commitment,U.S. Conference of Mayors' Climate Protection Agreement,,https://www.usmayors.org/programs/mayors-climate-protection-center/
Edina,City,ghg_inventory,Pale Blue Dot LLC,,https://www.edinamn.gov/DocumentCenter/View/12081/Community-Greenhouse-Gas-Inventory---4MB-PDF
Edina,City,ghg_reduction_goal,,2021,https://www.edinamn.gov/DocumentCenter/View/12064/Climate-Action-Plan-PDF
Edina,City,vulnerability_risk_assessment,,,https://www.edinamn.gov/DocumentCenter/View/12079/Climate-Vulnerability-Assessment---13MB-PDF
Edina,City,vulnerable_population_assessment,,,https://www.edinamn.gov/DocumentCenter/View/12079/Climate-Vulnerability-Assessment---13MB-PDF
Elk River,City,energy_action_plan,,2014,https://www.elkrivermn.gov/DocumentCenter/View/5496/10-Year-Action-Plan-pdf?bidId=
Elk River,City,environmental_sustainability_commission,,,https://www.elkrivermn.gov/290/Energy-City-Commission
Elk River,City,ghg_inventory,RII,,https://www.regionalindicatorsmn.com/city-summary
Elk River,City,ghg_reduction_goal,,2014,https://www.elkrivermn.gov/DocumentCenter/View/1522/Elk-River-Comprehensive-Plan-FINAL?bidId=
Elko New Market,City,ghg_inventory,Twin Cities GHG Inventory,,https://metrocouncil.org/tcghginventory.aspx
Elko New Market,City,green_team_internal_staff,,,
Ely,City,energy_action_plan,,2010,https://www.ely.mn.us/index.asp?SEC=10D63462-DFC6-4105-BAD8-58D6FE63EA98
Ely,City,ghg_inventory,RII,,https://www.regionalindicatorsmn.com/city-summary
Falcon Heights,City,environmental_sustainability_commission,,,https://www.falconheights.org/government/city-commissions/environment-commission-164
Falcon Heights,City,equity_human_rights_commission,,,https://www.falconheights.org/government/city-commissions/community-engagement-commission
Falcon Heights,City,formal_commitment,Climate Mayors,,https://climatemayors.org/member-cities/
Falcon Heights,City,formal_commitment,U.S. Conference of Mayors' Climate Protection Agreement,,https://www.usmayors.org/programs/mayors-climate-protection-center/
Falcon Heights,City,ghg_inventory,Twin Cities GHG Inventory,,https://metrocouncil.org/tcghginventory.aspx
Falcon Heights,City,ghg_reduction_goal,,2020,https://www.falconheights.org/home/showpublisheddocument?id=1162
Falcon Heights,City,green_team_internal_staff,,,
Falcon Heights,City,vulnerable_population_assessment,,,https://www.falconheights.org/home/showpublisheddocument/1172/637146116296570000
Faribault,City,adaptation_resiliency_plan,,,https://www.ci.faribault.mn.us/DocumentCenter/View/6437/Faribault-Climate-Adaptation-Plan-120620
Faribault,City,energy_action_plan,,2017,https://www.ci.faribault.mn.us/DocumentCenter/View/2665/Final-Faribault-Energy-Action-Plan-Document?bidId=
Faribault,City,environmental_sustainability_commission,,,https://www.ci.faribault.mn.us/610/Environmental-Commission
Faribault,City,vulnerable_population_assessment,,,https://palebluedot.llc/faribault-minnesota-climate-vulnerability-and-adaptation
Farmington,City,ghg_inventory,Twin Cities GHG Inventory,,https://metrocouncil.org/tcghginventory.aspx
Fergus Falls,City,equity_human_rights_commission,,,https://www.ci.fergus-falls.mn.us/government/boards-commissions/human-rights-commission
Fergus Falls,City,ghg_inventory,RII,,https://www.regionalindicatorsmn.com/city-summary
Fond du Lac Band of Lake Superior Chippewa,Tribal Nation,adaptation_resiliency_plan,,,https://www.1854treatyauthority.org/images/ClimateAdaptationPlan_Final-July_2016-optimized(1).pdf
Fond du Lac Band of Lake Superior Chippewa,Tribal Nation,energy_action_plan,,2020,https://www.fdlrez.com/RM/energyplan.htm
Forest Lake,City,ghg_inventory,Twin Cities GHG Inventory,,https://metrocouncil.org/tcghginventory.aspx
Fridley,City,energy_action_plan,,2018,https://fridleymn.gov/DocumentCenter/View/5466/PiE-MN-Fridley-Energy-Action-Plan-FINAL?bidId=
Fridley,City,environmental_sustainability_commission,,,https://www.ci.fridley.mn.us/608/City-Commissions
Fridley,City,ghg_inventory,Twin Cities GHG Inventory,,https://metrocouncil.org/tcghginventory.aspx
Golden Valley,City,adaptation_resiliency_plan,,,https://www.goldenvalleymn.gov/planning/comprehensiveplanupdate/pdf/compplanchapters/7-Resilience-and-Sustainability-Appendix-7.pdf
Golden Valley,City,energy_action_plan,,2021,https://www.goldenvalleymn.gov/471/Energy
Golden Valley,City,environmental_sustainability_commission,,,http://www.goldenvalleymn.gov/boards/environmental/index.php
Golden Valley,City,equity_human_rights_commission,,,https://www.goldenvalleymn.gov/299/Diversity-Equity-Inclusion-Commission
Golden Valley,City,equity_plan,,,https://mn-goldenvalley.civicplus.com/398/Diversity-Equity-Inclusion
Golden Valley,City,formal_commitment,Climate Emergency Declaration,,https://www.goldenvalleymn.gov/DocumentCenter/View/1346/21-100_12-22-Declare-Climate-Emergency-Impacting-Environment-Economy-and-Human-Health?bidId=
Golden Valley,City,formal_commitment,U.S. Conference of Mayors' Climate Protection Agreement,,https://www.usmayors.org/programs/mayors-climate-protection-center/
Golden Valley,City,ghg_inventory,Twin Cities GHG Inventory,,https://metrocouncil.org/tcghginventory.aspx
Golden Valley,City,ghg_reduction_goal,,2021,https://www.goldenvalleymn.gov/DocumentCenter/View/680/Energy-Action-Plan-PDF?bidId=
Grand Marais,City,climate_action_plan,,2019,https://www.ci.grand-marais.mn.us/vertical/sites/%7B33D7F42E-203A-42E0-8979-44AF7108C86C%7D/uploads/CAP_Final.pdf
Grand Marais,City,energy_action_plan,,2012,https://conservancy.umn.edu/handle/11299/189196
Grand Marais,City,formal_commitment,Climate Emergency Declaration,,https://www.ci.grand-marais.mn.us/vertical/sites/%7B33D7F42E-203A-42E0-8979-44AF7108C86C%7D/uploads/Council_Meeting_Packet_1-26-2022.pdf#page=20
Grand Marais,City,ghg_inventory,RII,,https://www.regionalindicatorsmn.com/city-summary
Grand Marais,City,ghg_reduction_goal,,2019,https://www.ci.grand-marais.mn.us/vertical/sites/%7B33D7F42E-203A-42E0-8979-44AF7108C86C%7D/uploads/GM_CAP_Project_Summary_link.pdf
Grand Portage Band of Lake Superior Chippewa,Tribal Nation,adaptation_resiliency_plan,,,https://www.1854treatyauthority.org/images/ClimateAdaptationPlan_Final-July_2016-optimized(1).pdf
Grand Rapids,City,equity_human_rights_commission,,,https://cityofgrandrapidsmn.com/bc-hrc
Grand Rapids,City,formal_commitment,Climate Emergency Declaration,,https://mccmeetings.blob.core.usgovcloudapi.net/grapidsmn-pubu/MEET-Packet-cabad35538ca4692bfabc87748ad7cb9.pdf#page=108
Grand Rapids,City,ghg_inventory,RII,,https://www.regionalindicatorsmn.com/city-summary
Granite Falls,City,adaptation_resiliency_plan,,,https://palebluedot.llc/granite-falls-minnesota-climate-vulnerability-and-adaptation
Granite Falls,City,green_team_internal_staff,,,
Granite Falls,City,vulnerable_population_assessment,,,https://palebluedot.llc/granite-falls-minnesota-climate-vulnerability-and-adaptation
Hackensack,City,energy_action_plan,,2021,https://www.regionfive.org/hackensack
Hackensack,City,green_team_community_led,,,
Hastings,City,energy_action_plan,,2019,https://www.hastingsmn.gov/home/showpublisheddocument?id=8261
Hastings,City,ghg_inventory,Twin Cities GHG Inventory,,https://metrocouncil.org/tcghginventory.aspx
Hennepin County,County,adaptation_resiliency_plan,,,https://www.hennepin.us/climate-action/local-impacts
Hennepin County,County,climate_action_plan,,2021,https://www.hennepin.us/climate-action/-/media/climate-action/hennepin-county-climate-action-plan-final.pdf
Hennepin County,County,ghg_reduction_goal,,2021,https://www.hennepin.us/climate-action/-/media/climate-action/hennepin-county-climate-action-plan-final.pdf
Hennepin County,County,vulnerable_population_assessment,,,https://www.hennepin.us/climate-action/local-impacts
Hermantown,City,ghg_inventory,RII,,https://www.regionalindicatorsmn.com/city-summary
Hewitt,City,energy_action_plan,,2022,https://www.regionfive.org/hewitt
Hewitt,City,green_team_internal_staff,,,
Hibbing,City,formal_commitment,U.S. Conference of Mayors' Climate Protection Agreement,,https://www.usmayors.org/programs/mayors-climate-protection-center/
Hopkins,City,adaptation_resiliency_plan,,,
Hopkins,City,equity_human_rights_commission,,,https://www.hopkinsmn.com/516/Hopkins-Race-Equity-Initiative
Hopkins,City,ghg_inventory,Twin Cities GHG Inventory,,https://metrocouncil.org/tcghginventory.aspx
Hutchinson,City,environmental_sustainability_commission,,,https://www.ci.hutchinson.mn.us/city-council/boards-commissions/
Hutchinson,City,formal_commitment,U.S. Conference of Mayors' Climate Protection Agreement,,https://www.usmayors.org/programs/mayors-climate-protection-center/
Hutchinson,City,ghg_inventory,RII,,https://www.regionalindicatorsmn.com/city-summary
Independence,City,ghg_inventory,Twin Cities GHG Inventory,,https://metrocouncil.org/tcghginventory.aspx
International Falls,City,formal_commitment,U.S. Conference of Mayors' Climate Protection Agreement,,https://www.usmayors.org/programs/mayors-climate-protection-center/
Inver Grove Heights,City,energy_action_plan,,2021,https://www.ighmn.gov/919/Energy
Inver Grove Heights,City,environmental_sustainability_commission,,,https://www.ighmn.gov/203/Environmental-Commission
Inver Grove Heights,City,formal_commitment,U.S. Conference of Mayors' Climate Protection Agreement,,https://www.usmayors.org/programs/mayors-climate-protection-center/
Inver Grove Heights,City,ghg_inventory,Twin Cities GHG Inventory,,https://metrocouncil.org/tcghginventory.aspx
Inver Grove Heights,City,ghg_reduction_goal,,2021,https://www.ighmn.gov/919/Energy
Isanti,City,ghg_inventory,RII,,https://www.regionalindicatorsmn.com/city-summary
Jenkins,City,energy_action_plan,,2022,https://www.regionfive.org/jenkins
Jordan,City,ghg_inventory,Twin Cities GHG Inventory,,https://metrocouncil.org/tcghginventory.aspx
Kasson,City,ghg_inventory,RII,,https://www.regionalindicatorsmn.com/city-summary
Kelliher,City,adaptation_resiliency_plan,,,https://palebluedot.llc/kelliher-minnesota-climate-vulnerability-and-adaptation
Kelliher,City,vulnerable_population_assessment,,,https://palebluedot.llc/kelliher-minnesota-climate-vulnerability-and-adaptation
La Crescent,City,energy_action_plan,,2021,https://www.cityoflacrescent-mn.gov/energy-action-plan/
La Crescent,City,ghg_inventory,RII,,https://www.regionalindicatorsmn.com/city-summary
La Crescent,City,ghg_reduction_goal,,2021,https://www.cityoflacrescent-mn.gov/wp-content/uploads/Resolution-in-Support-of-100-Carbon-Nuetral-Energy-2.pdf
La Crescent,City,green_team_joint,,,https://www.cityoflacrescent-mn.gov/city-of-la-crescent-sustainability/
LaPrairie,City,ghg_inventory,RII,,https://www.regionalindicatorsmn.com/city-summary
Lake City,City,environmental_sustainability_commission,,,https://www.ci.lake-city.mn.us/environmentalcommission
Lake City,City,formal_commitment,U.S. Conference of Mayors' Climate Protection Agreement,,https://www.usmayors.org/programs/mayors-climate-protection-center/
Lake Crystal,City,ghg_inventory,RII,,https://www.regionalindicatorsmn.com/city-summary
Lake Elmo,City,ghg_inventory,Twin Cities GHG Inventory,,https://metrocouncil.org/tcghginventory.aspx
Lake Elmo,City,green_team_joint,,,
Lakeville,City,ghg_inventory,Twin Cities GHG Inventory,,https://metrocouncil.org/tcghginventory.aspx
Lanesboro,City,formal_commitment,Climate Mayors,,https://climatemayors.org/member-cities/
Lauderdale,City,formal_commitment,Climate Emergency Declaration,,https://miweblink.metro-inet.us/LauderdalePublic/0/edoc/20123/01112022.pdf#page=23
Lauderdale,City,ghg_inventory,Twin Cities GHG Inventory,,https://metrocouncil.org/tcghginventory.aspx
Leech Lake Band of Ojibwe,Tribal Nation,adaptation_resiliency_plan,,,https://palebluedot.llc/leech-lake-band-of-ojibwe-climate-vulnerability-and-adaptation
Leech Lake Band of Ojibwe,Tribal Nation,green_team_joint,,,https://www.llojibwe.org/drm/greenteam/greenteam.html
Leech Lake Band of Ojibwe,Tribal Nation,vulnerable_population_assessment,,,https://palebluedot.llc/leech-lake-band-of-ojibwe-climate-vulnerability-and-adaptation
Lexington,City,ghg_inventory,Twin Cities GHG Inventory,,https://metrocouncil.org/tcghginventory.aspx
Lexington,City,green_team_internal_staff,,,
Mahtomedi,City,energy_action_plan,,2017,https://xcelenergycommunities.com/sites/xcelenergycommunities.com/files/document/pdf/Mahtomedi%20Energy%20Action%20Plan%20Final%20with%20Appendices.pdf
Mahtomedi,City,environmental_sustainability_commission,,,http://www.ci.mahtomedi.mn.us/196/Environmental-Commission
Mahtomedi,City,formal_commitment,U.S. Conference of Mayors' Climate Protection Agreement,,https://www.usmayors.org/programs/mayors-climate-protection-center/
Mahtomedi,City,ghg_inventory,Twin Cities GHG Inventory,,https://metrocouncil.org/tcghginventory.aspx
Mahtomedi,City,ghg_reduction_goal,,2017,https://xcelenergycommunities.com/sites/xcelenergycommunities.com/files/document/pdf/Mahtomedi%20Energy%20Action%20Plan%20Final%20with%20Appendices.pdf
Mankato,City,formal_commitment,U.S. Conference of Mayors' Climate Protection Agreement,,https://www.usmayors.org/programs/mayors-climate-protection-center/
Mankato,City,ghg_inventory,2014,,https://www.mankatomn.gov/home/showpublisheddocument/2058/635706510835870000
Maplewood,City,adaptation_resiliency_plan,,,https://static1.squarespace.com/static/53fbb928e4b0eafa4734317f/t/60f75768ed521b3476fe2185/1626822515173/Maplewood+Climate+Adaptation+Plan+051821+Reduced.pdf
Maplewood,City,energy_action_plan,,2015,https://maplewoodmn.gov/DocumentCenter/View/12810/ENERGIZE-MAPLEWOOD-FINAL-4-22-15-PDF?bidId=
Maplewood,City,environmental_sustainability_commission,,,https://www.maplewoodmn.gov/256/Environmental-Natural-Resources-Commissi
Maplewood,City,formal_commitment,Climate Emergency Declaration,,https://docs.maplewoodmn.gov/WebLinkPublic/DocView.aspx?id=487182&page=2&dbid=0&repo=Maplewood&searchid=4708e68f-d47c-4943-a070-ba68d537751f
Maplewood,City,formal_commitment,Climate Mayors,,https://climatemayors.org/member-cities/
Maplewood,City,formal_commitment,U.S. Conference of Mayors' Climate Protection Agreement,,https://www.usmayors.org/programs/mayors-climate-protection-center/
Maplewood,City,ghg_inventory,Twin Cities GHG Inventory,,https://metrocouncil.org/tcghginventory.aspx
Maplewood,City,ghg_reduction_goal,,2019,https://maplewoodmn.gov/DocumentCenter/View/22480/09_Sustainability-PDF
Maplewood,City,green_team_internal_staff,,,
Maplewood,City,vulnerable_population_assessment,,,https://view.publitas.com/palebluedot/maplewood-climate-vulnerability-report/page/1
Marine on St. Croix,City,ghg_inventory,Twin Cities GHG Inventory,,https://metrocouncil.org/tcghginventory.aspx
Marshall,City,ghg_inventory,RII,,https://www.regionalindicatorsmn.com/city-summary
Marshall,City,green_team_joint,,,
Menahga,City,energy_action_plan,,2023,https://www.regionfive.org/menahga
Metropolitan Council,Region,ghg_reduction_goal,,2022,https://metrocouncil.org/Planning/Climate/Climate-Action-Work-Plan.aspx
Metropolitan Council,Region,vulnerability_risk_assessment,,,https://metrocouncil.org/Communities/Planning/Local-Planning-Assistance/CVA/Files/CVA-Introduction.aspx
Metropolitan Council,Region,vulnerable_population_assessment,,,https://metrocouncil.org/Communities/Planning/Local-Planning-Assistance/CVA/Files/Human-Vulnerability-Report.aspx
Milan,City,formal_commitment,U.S. Conference of Mayors' Climate Protection Agreement,,https://www.usmayors.org/programs/mayors-climate-protection-center/
Minneapolis,City,climate_action_plan,,2013,https://www2.minneapolismn.gov/government/programs-initiatives/climate-equity/minneapolis-climate-action-plan/
Minneapolis,City,environmental_sustainability_commission,,,http://www2.minneapolismn.gov/sustainability/teams/index.htm
Minneapolis,City,equity_human_rights_commission,,,http://www.ci.minneapolis.mn.us/civilrights/commission/index.htm
Minneapolis,City,equity_plan,,,https://www2.minneapolismn.gov/government/programs-initiatives/climate-equity/climate-equity-plan/climate-equity-documents/
Minneapolis,City,formal_commitment,Cities Race to Zero,,https://racetozero.unfccc.int/join-the-race/whos-in/
Minneapolis,City,formal_commitment,Climate Emergency Declaration,,https://lims.minneapolismn.gov/Download/MetaData/15298/2019R-422_Id_15298.pdf
Minneapolis,City,formal_commitment,Climate Mayors,,https://climatemayors.org/member-cities/
Minneapolis,City,formal_commitment,U.S. Conference of Mayors' Climate Protection Agreement,,https://www.usmayors.org/programs/mayors-climate-protection-center/
Minneapolis,City,formal_commitment,We Are Still In,,http://wearestillin.com/
Minneapolis,City,ghg_inventory,Twin Cities GHG Inventory,,https://metrocouncil.org/tcghginventory.aspx
Minneapolis,City,ghg_reduction_goal,,2019,https://www2.minneapolismn.gov/media/content-assets/www2-documents/residents/2019-Minneapolis-Clean-Energy-Partnership.pdf
Minneapolis,City,green_team_community_led,,,
Minneapolis,City,green_team_internal_staff,,,
Minneapolis,City,vulnerability_risk_assessment,,,https://www2.minneapolismn.gov/media/content-assets/www2-documents/government/Final-document.pdf
Minneapolis,City,vulnerable_population_assessment,,,https://www2.minneapolismn.gov/government/programs-initiatives/climate/preparing-for-climate-change/vulnerability-assessment/
Minnesota,State,climate_action_plan,,2022,https://climate.state.mn.us/minnesotas-climate-action-framework
Minnesota,State,formal_commitment,We Are Still In,,http://wearestillin.com/
Minnesota,State,ghg_inventory,MPCA,,https://www.pca.state.mn.us/air-water-land-climate/climate-change-trends-and-data
Minnesota,State,ghg_reduction_goal,,2023,https://www.revisor.mn.gov/bills/text.php?number=HF2310&type=bill&version=4&session=ls93&session_year=2023&session_number=0
Minnesota,State,vulnerable_population_assessment,,,https://www.health.state.mn.us/communities/environment/climate/docs/ccva_execsum.pdf
Minnetonka,City,adaptation_resiliency_plan,,,https://ehq-production-us-california.s3.us-west-1.amazonaws.com/b7b510df04fea5916ffe3689209d8e228bf0a225/original/1715284864/e7d39e72bb9ee068b6e6bf212da88df0_Plan_CAAP_Final_CC_adoption.pdf?X-Amz-Algorithm=AWS4-HMAC-SHA256&X-Amz-Credential=AKIA4KKNQAKICO37GBEP%2F20240515%2Fus-west-1%2Fs3%2Faws4_request&X-Amz-Date=20240515T152840Z&X-Amz-Expires=300&X-Amz-SignedHeaders=host&X-Amz-Signature=791eacdec47ebfad58e0f0e16c2fd22a46f8d10e71ee7540a007eac018b62a9b
Minnetonka,City,climate_action_plan,,2024,https://ehq-production-us-california.s3.us-west-1.amazonaws.com/b7b510df04fea5916ffe3689209d8e228bf0a225/original/1715284864/e7d39e72bb9ee068b6e6bf212da88df0_Plan_CAAP_Final_CC_adoption.pdf?X-Amz-Algorithm=AWS4-HMAC-SHA256&X-Amz-Credential=AKIA4KKNQAKICO37GBEP%2F20240515%2Fus-west-1%2Fs3%2Faws4_request&X-Amz-Date=20240515T152840Z&X-Amz-Expires=300&X-Amz-SignedHeaders=host&X-Amz-Signature=791eacdec47ebfad58e0f0e16c2fd22a46f8d10e71ee7540a007eac018b62a9b
Minnetonka,City,energy_action_plan,,2022,https://www.minnetonkamn.gov/home/showpublisheddocument/11733/638041986513170000
Minnetonka,City,environmental_sustainability_commission,,,https://www.minnetonkamn.gov/government/boards-and-commissions/sustainability-commission
Minnetonka,City,formal_commitment,Climate Emergency Declaration,,
Minnetonka,City,formal_commitment,U.S. Conference of Mayors' Climate Protection Agreement,,https://www.usmayors.org/programs/mayors-climate-protection-center/
Minnetonka,City,ghg_inventory,Twin Cities GHG Inventory,,https://metrocouncil.org/tcghginventory.aspx
Minnetonka,City,ghg_reduction_goal,,2024,https://ehq-production-us-california.s3.us-west-1.amazonaws.com/b7b510df04fea5916ffe3689209d8e228bf0a225/original/1715284864/e7d39e72bb9ee068b6e6bf212da88df0_Plan_CAAP_Final_CC_adoption.pdf?X-Amz-Algorithm=AWS4-HMAC-SHA256&X-Amz-Credential=AKIA4KKNQAKICO37GBEP%2F20240515%2Fus-west-1%2Fs3%2Faws4_request&X-Amz-Date=20240515T152840Z&X-Amz-Expires=300&X-Amz-SignedHeaders=host&X-Amz-Signature=791eacdec47ebfad58e0f0e16c2fd22a46f8d10e71ee7540a007eac018b62a9b
Minnetonka,City,vulnerable_population_assessment,,,https://ehq-production-us-california.s3.us-west-1.amazonaws.com/b7b510df04fea5916ffe3689209d8e228bf0a225/original/1715284864/e7d39e72bb9ee068b6e6bf212da88df0_Plan_CAAP_Final_CC_adoption.pdf?X-Amz-Algorithm=AWS4-HMAC-SHA256&X-Amz-Credential=AKIA4KKNQAKICO37GBEP%2F20240515%2Fus-west-1%2Fs3%2Faws4_request&X-Amz-Date=20240515T152840Z&X-Amz-Expires=300&X-Amz-SignedHeaders=host&X-Amz-Signature=791eacdec47ebfad58e0f0e16c2fd22a46f8d10e71ee7540a007eac018b62a9b
Mississippi Watershed Management Organization,Watershed,vulnerability_risk_assessment,,,https://www.mwmo.org/planning/northeast-stormwater-management-initiative/
Moorhead,City,adaptation_resiliency_plan,,,
Moorhead,City,equity_human_rights_commission,,,https://www.ci.moorhead.mn.us/government/boards-commissions/human-rights-commission
Moorhead,City,formal_commitment,Climate Emergency Declaration,,https://www.cityofmoorhead.com/Home/Components/News/News/6189/17
Morris,City,adaptation_resiliency_plan,,,https://palebluedot.llc/morris-minnesota-climate-vulnerability-and-adaptation
Morris,City,energy_action_plan,,2018,https://morrismodel.org/planning/
Morris,City,ghg_inventory,RII,,https://www.regionalindicatorsmn.com/city-summary
Morris,City,green_team_joint,,,https://www.morrismodel.org/
Morris,City,vulnerable_population_assessment,,,https://palebluedot.llc/morris-minnesota-climate-vulnerability-and-adaptation
Motley,City,energy_action_plan,,2023,https://www.regionfive.org/motley
Mounds View,City,ghg_inventory,Twin Cities GHG Inventory,,https://metrocouncil.org/tcghginventory.aspx
Mountain Iron,City,formal_commitment,U.S. Conference of Mayors' Climate Protection Agreement,,https://www.usmayors.org/programs/mayors-climate-protection-center/
Mountain Iron,City,ghg_inventory,RII,,https://www.regionalindicatorsmn.com/city-summary
New Brighton,City,environmental_sustainability_commission,,,https://www.newbrightonmn.gov/227/Parks-Recreation-Environmental-Commissio
New Brighton,City,equity_human_rights_commission,,,https://www.newbrightonmn.gov/225/Equity-Commission
New Brighton,City,ghg_inventory,Twin Cities GHG Inventory,,https://metrocouncil.org/tcghginventory.aspx
New Brighton,City,green_team_internal_staff,,,
New Hope,City,equity_human_rights_commission,,,https://www.newhopemn.gov/city_hall/boards_commissions/human_rights_commission
New Hope,City,ghg_inventory,Twin Cities GHG Inventory,,https://metrocouncil.org/tcghginventory.aspx
Newport,City,ghg_inventory,Twin Cities GHG Inventory,,https://metrocouncil.org/tcghginventory.aspx
North St. Paul,City,ghg_inventory,Twin Cities GHG Inventory,,https://metrocouncil.org/tcghginventory.aspx
Northeast Minnesota,Region,adaptation_resiliency_plan,,,https://static1.squarespace.com/static/53fbb928e4b0eafa4734317f/t/5b75b62c4d7a9ce8eef1f3d2/1534441054902/Northeast+Region+Population+Vulnerability+Assessment+and+Adaptation+Framework+DRAFT+3+041918.pdf
Northeast Minnesota,Region,vulnerable_population_assessment,,,https://static1.squarespace.com/static/53fbb928e4b0eafa4734317f/t/5b75b62c4d7a9ce8eef1f3d2/1534441054902/Northeast+Region+Population+Vulnerability+Assessment+and+Adaptation+Framework+DRAFT+3+041918.pdf
Northfield,City,adaptation_resiliency_plan,,,https://ci.northfield.mn.us/DocumentCenter/View/8333/Climate-Action-Plan-Adopted-November-5-2019
Northfield,City,climate_action_plan,,2019,https://ci.northfield.mn.us/DocumentCenter/View/8333/Climate-Action-Plan-Adopted-November-5-2019
Northfield,City,energy_action_plan,,2019,https://ci.northfield.mn.us/DocumentCenter/View/8333/Climate-Action-Plan-Adopted-November-5-2019
Northfield,City,environmental_sustainability_commission,,,https://www.ci.northfield.mn.us/104/Environmental-Quality-Commission
Northfield,City,equity_human_rights_commission,,,https://www.ci.northfield.mn.us/109/Human-Rights-Commission
Northfield,City,equity_plan,,,https://www.ci.northfield.mn.us/1372/Diversity-Equity-and-Inclusion
Northfield,City,formal_commitment,Climate Emergency Declaration,,https://www.ci.northfield.mn.us/DocumentCenter/View/13004/11-17-21-EQC-Packet#=11
Northfield,City,ghg_inventory,RII,,https://www.regionalindicatorsmn.com/city-summary
Northfield,City,ghg_reduction_goal,,2019,https://ci.northfield.mn.us/DocumentCenter/View/8333/Climate-Action-Plan-Adopted-November-5-2019
Northwest Minnesota,Region,vulnerable_population_assessment,,,https://static1.squarespace.com/static/53fbb928e4b0eafa4734317f/t/5b75b587758d4607154db8e0/1534440860939/Northwest+Region+Population+Vulnerability+Assessment+and+Adaptation+Framework+052918+corrected.pdf
Oak Park Heights,City,energy_action_plan,,2022,https://www.cityofoakparkheights.com/index.asp?SEC=2D8881C9-7F57-4544-A9C5-820000D01F92
Oak Park Heights,City,formal_commitment,U.S. Conference of Mayors' Climate Protection Agreement,,https://www.usmayors.org/programs/mayors-climate-protection-center/
Oak Park Heights,City,ghg_inventory,Twin Cities GHG Inventory,,https://metrocouncil.org/tcghginventory.aspx
Oakdale,City,adaptation_resiliency_plan,,,https://static1.squarespace.com/static/53fbb928e4b0eafa4734317f/t/5b35133988251b84354df91f/1530205000341/Oakdale+Vulnerable+Population+and+Climate+Adaptation+Final+Report+Reissued+for+Appendices+050718.pdf
Oakdale,City,environmental_sustainability_commission,,,https://www.ci.oakdale.mn.us/302/Environmental-Management-Commission
Oakdale,City,ghg_inventory,Twin Cities GHG Inventory,,https://metrocouncil.org/tcghginventory.aspx
Oakdale,City,ghg_reduction_goal,,2020,https://indd.adobe.com/view/082d99c5-6f6a-41e5-98d8-3df67df508b1
Oakdale,City,vulnerable_population_assessment,,,https://static1.squarespace.com/static/53fbb928e4b0eafa4734317f/t/5b35133988251b84354df91f/1530205000341/Oakdale+Vulnerable+Population+and+Climate+Adaptation+Final+Report+Reissued+for+Appendices+050718.pdf
Orono,City,ghg_inventory,Twin Cities GHG Inventory,,https://metrocouncil.org/tcghginventory.aspx
Otter Tail,County,adaptation_resiliency_plan,,,https://ottertailcounty.gov/wp-content/uploads/2022/04/Otter-Tail-2021_HMP.pdf
Otter Tail,County,vulnerability_risk_assessment,,,https://ottertailcounty.gov/wp-content/uploads/2022/04/Otter-Tail-2021_HMP.pdf
Otter Tail,County,vulnerable_population_assessment,,,https://ottertailcounty.gov/wp-content/uploads/2022/04/Otter-Tail-2021_HMP.pdf
Park Rapids,City,formal_commitment,U.S. Conference of Mayors' Climate Protection Agreement,,https://www.usmayors.org/programs/mayors-climate-protection-center/
Pine City,City,ghg_inventory,RII,,https://www.regionalindicatorsmn.com/city-summary
Pine River,City,ghg_inventory,RII,,https://www.regionalindicatorsmn.com/city-summary
Plymouth,City,environmental_sustainability_commission,,,https://www.plymouthmn.gov/departments/city-council-/committees-commissions-/environmental-quality-committee
Plymouth,City,ghg_inventory,Twin Cities GHG Inventory,,https://metrocouncil.org/tcghginventory.aspx
Prairie Island Indian Community,Tribal Nation,energy_action_plan,,2021,https://prairieisland.org/who-we-are/our-land/net-zero
Prairie Island Indian Community,Tribal Nation,green_team_joint,,,
Prior Lake,City,formal_commitment,Climate Emergency Declaration,,https://citizensclimatelobby.org/wp-content/uploads/2017/08/Prior-Lake-MN-Resolution-Action-on-Climate.pdf
Ramsey,City,environmental_sustainability_commission,,,http://www.ci.ramsey.mn.us/153/Environmental-Policy-Board-EPB
Ramsey,City,ghg_inventory,Twin Cities GHG Inventory,,https://metrocouncil.org/tcghginventory.aspx
Ramsey County,County,adaptation_resiliency_plan,,,https://www.ramseycounty.us/sites/default/files/Projects%20and%20Initiatives/RamseyCounty2040_Resilience_7.17.pdf
Ramsey County,County,climate_action_plan,,2024,https://www.ramseycounty.us/climate-action/climate-equity-action-plan
Ramsey County,County,equity_plan,,,https://www.ramseycounty.us/climate-action/climate-equity-action-plan
Ramsey County,County,vulnerable_population_assessment,,,https://www.ramseycounty.us/sites/default/files/Government/Leadership/Advisory%20Groups/Community%20Health%20Services%20Advisory%20Committee/CCVA_Official_Z23.pdf
Red Lake Band of Chippewa,Tribal Nation,adaptation_resiliency_plan,,,https://forestadaptation.org/sites/default/files/demonstration-files/Red-Lake-Forest-Water-Climate-Adaptation-Plan-Final-2014.pdf
Red Wing,City,climate_action_plan,,2020,http://www.red-wing.org/DocumentCenter/View/3672/Red-Wing-CAWP-Final-8_17_20?bidId=
Red Wing,City,energy_action_plan,,2016,https://greenstep.pca.state.mn.us/sites/default/files/2.1RedWingActionFile.pdf
Red Wing,City,environmental_sustainability_commission,,,https://www.red-wing.org/299/Sustainability-Commission
Red Wing,City,equity_human_rights_commission,,,https://www.red-wing.org/290/Human-Rights-Commission
Red Wing,City,equity_plan,,,https://www.red-wing.org/1001/Racial-Equity
Red Wing,City,formal_commitment,Climate Emergency Declaration,,https://red-wing.granicus.com/player/clip/2804?view_id=3&meta_id=153061&redirect=true
Red Wing,City,formal_commitment,U.S. Conference of Mayors' Climate Protection Agreement,,https://www.usmayors.org/programs/mayors-climate-protection-center/
Red Wing,City,ghg_inventory,RII,,https://www.regionalindicatorsmn.com/city-summary
Red Wing,City,ghg_reduction_goal,,2020,http://www.red-wing.org/DocumentCenter/View/3672/Red-Wing-CAWP-Final-8_17_20?bidId=
Region Five Development Commission,Region,adaptation_resiliency_plan,,,"http://www.resilientregion.org/cms/files/The%20Resilient%20Region%20Plan%20Presented%20August%2014,%202012.pdf"
Region Nine Development Commission,Region,adaptation_resiliency_plan,,,https://www.rndc.org/what-we-do/economic-development/climate-change-vulnerability-assessment-adaptation-plan/
Region Nine Development Commission,Region,vulnerable_population_assessment,,,https://www.rndc.org/what-we-do/economic-development/climate-change-vulnerability-assessment-adaptation-plan/
Richfield,City,climate_action_plan,,2020,https://www.richfieldmn.gov/residents/sustainability_recycling/climate_action_plan.php
Richfield,City,energy_action_plan,,2021,https://cms9files.revize.com/richfieldmn/PiE-MN-Richfield-Energy%20Action%20Plan.pdf
Richfield,City,environmental_sustainability_commission,,,https://www.richfieldmn.gov/city_government/commissions_and_boards/sustainability_commission/index.php
Richfield,City,equity_human_rights_commission,,,https://www.richfieldmn.gov/city_government/commissions_and_boards/human_rights_commission/index.php
Richfield,City,ghg_inventory,2023 Richfield Greenhouse Gas Emissions Inventory,,https://cms9files.revize.com/richfieldmn/Richfield%20GHG%20Inventory%20Report%20REVISED%20041423.pdf
Richfield,City,ghg_reduction_goal,,2021,https://cms9files.revize.com/richfieldmn/PiE-MN-Richfield-Energy%20Action%20Plan.pdf
Robbinsdale,City,energy_action_plan,,2023,https://www.robbinsdalemn.com/city-government/city-departments/sustainability/energy-action-plan
Robbinsdale,City,equity_human_rights_commission,,,https://www.robbinsdalemn.com/city-government/city-commissions/human-rights-commission
Robbinsdale,City,formal_commitment,Climate Emergency Declaration,,https://weblink.robbinsdalemn.com/WebLink/DocView.aspx?id=890463&dbid=0&repo=Robbinsdale
Robbinsdale,City,ghg_inventory,Twin Cities GHG Inventory,,https://metrocouncil.org/tcghginventory.aspx
Robbinsdale,City,ghg_reduction_goal,,2023,https://www.robbinsdalemn.com/city-government/city-departments/sustainability/energy-action-plan
Robbinsdale,City,green_team_internal_staff,,,
Rochester,City,energy_action_plan,,2016,http://www.rochestermn.gov/home/showdocument?id=14748
Rochester,City,environmental_sustainability_commission,,,https://www.rochestermn.gov/government/boards-and-commissions/energy-commission-3725
Rochester,City,equity_human_rights_commission,,,https://www.diversitycouncil.org/
Rochester,City,formal_commitment,Climate Emergency Declaration,,https://rochestercitymn.iqm2.com/Citizens/FileOpen.aspx?Type=1&ID=3834&Inline=True#page=5
Rochester,City,formal_commitment,Climate Mayors,,https://climatemayors.org/member-cities/
Rochester,City,formal_commitment,U.S. Conference of Mayors' Climate Protection Agreement,,https://www.usmayors.org/programs/mayors-climate-protection-center/
Rochester,City,ghg_inventory,RII,,https://www.regionalindicatorsmn.com/city-summary
Rochester,City,ghg_reduction_goal,,2022,https://www.rochestermn.gov/Home/Components/News/News/8883/1121
Rochester,City,green_team_internal_staff,,,
Rogers,City,ghg_inventory,Twin Cities GHG Inventory,,https://metrocouncil.org/tcghginventory.aspx
Rosemount,City,energy_action_plan,,2018,https://ci.rosemount.mn.us/DocumentCenter/View/3219/PiE-MN-Rosemount-Planning-Energy-Action-Plan-FINAL
Rosemount,City,environmental_sustainability_commission,,,https://www.ci.rosemount.mn.us/640/Environment-and-Sustainability-Commissio
Rosemount,City,formal_commitment,U.S. Conference of Mayors' Climate Protection Agreement,,https://www.usmayors.org/programs/mayors-climate-protection-center/
Rosemount,City,ghg_inventory,Twin Cities GHG Inventory,,https://metrocouncil.org/tcghginventory.aspx
Rosemount,City,ghg_reduction_goal,,2018,https://ci.rosemount.mn.us/DocumentCenter/View/3219/PiE-MN-Rosemount-Planning-Energy-Action-Plan-FINAL
Roseville,City,adaptation_resiliency_plan,,,https://www.cityofroseville.com/DocumentCenter/View/25836/Vulnerable-Populations-Report?bidId=
Roseville,City,energy_action_plan,,2021,https://www.cityofroseville.com/DocumentCenter/View/32239/PiE-MN-Roseville-Energy-Action-Plan-FINAL-063021?bidId=
Roseville,City,environmental_sustainability_commission,,,https://www.cityofroseville.com/79/Public-Works
Roseville,City,equity_human_rights_commission,,,https://www.cityofroseville.com/3134/Human-Rights-Inclusion-and-Engagement
Roseville,City,equity_plan,,,https://www.cityofroseville.com/3480/Racial-Equity-and-Inclusion
Roseville,City,formal_commitment,U.S. Conference of Mayors' Climate Protection Agreement,,https://www.usmayors.org/programs/mayors-climate-protection-center/
Roseville,City,ghg_inventory,Twin Cities GHG Inventory,,https://metrocouncil.org/tcghginventory.aspx
Roseville,City,ghg_reduction_goal,,2020,https://www.cityofroseville.com/DocumentCenter/View/30109/15-CH9-Resilience-Final-Adoption
Roseville,City,vulnerable_population_assessment,,,https://www.cityofroseville.com/DocumentCenter/View/25836/Vulnerable-Populations-Report?bidId=
Royalton,City,ghg_inventory,RII,,https://www.regionalindicatorsmn.com/city-summary
Royalton,City,green_team_internal_staff,,,
Rush City,City,green_team_joint,,,
Saint Anthony Village,City,environmental_sustainability_commission,,,https://www.savmn.com/269/Parks-and-Environmental-Commission
Saint Anthony Village,City,equity_plan,,,https://www.savmn.com/DocumentCenter/View/833/Racial-Equity-Plan?bidId=
Saint Anthony Village,City,ghg_inventory,Twin Cities GHG Inventory,,https://metrocouncil.org/tcghginventory.aspx
Saint Anthony Village,City,ghg_reduction_goal,,2019,http://www.savmn.com/DocumentCenter/View/979/St-Anthony-2040-Comprehensive-Plan?bidId=
Saint Anthony Village,City,green_team_community_led,,,https://citizensforsustainability.org/
Saint Cloud,City,energy_action_plan,,2017,https://ci.stcloud.mn.us/DocumentCenter/View/15281/Energy-Action-Plan-St-Cloud?bidId=
Saint Cloud,City,equity_human_rights_commission,,,https://www.ci.stcloud.mn.us/384/Regional-Human-Rights-Commission
Saint Cloud,City,formal_commitment,U.S. Conference of Mayors' Climate Protection Agreement,,https://www.usmayors.org/programs/mayors-climate-protection-center/
Saint Cloud,City,ghg_inventory,RII,,https://www.regionalindicatorsmn.com/city-summary
Saint Louis Park,City,adaptation_resiliency_plan,,,https://palebluedot.llc/st-louis-park-minnesota-climate-vulnerability-and-adaptation
Saint Louis Park,City,climate_action_plan,,2018,"https://www.stlouisparkmn.gov/our-city/climate-action-plan#:~:text=In%202018%2C%20the%20St.,and%20impacts%20of%20climate%20change"
Saint Louis Park,City,energy_action_plan,,2015,https://www.stlouisparkmn.gov/home/showpublisheddocument/3382
Saint Louis Park,City,environmental_sustainability_commission,,,https://www.stlouispark.org/government/boards-commissions/environment-sustainability-commission
Saint Louis Park,City,equity_human_rights_commission,,,https://www.stlouispark.org/government/boards-commissions/human-rights-commission
Saint Louis Park,City,formal_commitment,Cities Race to Zero,,https://racetozero.unfccc.int/join-the-race/whos-in/
Saint Louis Park,City,formal_commitment,Climate Emergency Declaration,,https://www.stlouisparkmn.gov/Home/Components/News/News/932/
Saint Louis Park,City,formal_commitment,Climate Mayors,,https://climatemayors.org/member-cities/
Saint Louis Park,City,ghg_inventory,Twin Cities GHG Inventory,,https://metrocouncil.org/tcghginventory.aspx
Saint Louis Park,City,ghg_reduction_goal,,2018,"https://www.stlouisparkmn.gov/our-city/climate-action-plan#:~:text=In%202018%2C%20the%20St.,and%20impacts%20of%20climate%20change"
Saint Louis Park,City,vulnerable_population_assessment,,,https://palebluedot.llc/st-louis-park-minnesota-climate-vulnerability-and-adaptation
Saint Paul,City,adaptation_resiliency_plan,,,https://www.stpaul.gov/departments/mayors-office/climate-action
Saint Paul,City,climate_action_plan,,2019,https://www.stpaul.gov/departments/mayors-office/climate-action
Saint Paul,City,energy_action_plan,,2017,https://www.stpaul.gov/sites/default/files/Media%20Root/Mayor%27s%20Office/Saint%20Paul%27s%20Path%20to%20Carbon%20Neutrality_Buildings%20Sector%20Draft%20Plan.pdf
Saint Paul,City,equity_human_rights_commission,,,https://www.stpaul.gov/departments/human-rights-equal-economic-opportunity/human-rights
Saint Paul,City,formal_commitment,Cities Race to Zero,,https://racetozero.unfccc.int/join-the-race/whos-in/
Saint Paul,City,formal_commitment,Climate Emergency Declaration,,https://stpaul.legistar.com/LegislationDetail.aspx?ID=5378635&GUID=7965176D-C87E-4432-BE78-7BF81EA2AC9D&Options=&Search=&FullText=1
Saint Paul,City,formal_commitment,Climate Mayors,,https://climatemayors.org/member-cities/
Saint Paul,City,formal_commitment,U.S. Conference of Mayors' Climate Protection Agreement,,https://www.usmayors.org/programs/mayors-climate-protection-center/
Saint Paul,City,formal_commitment,We Are Still In,,http://wearestillin.com/
Saint Paul,City,ghg_inventory,Twin Cities GHG Inventory,,https://metrocouncil.org/tcghginventory.aspx
Saint Paul,City,ghg_reduction_goal,,2019,Carbon neutrality by 2050 and reducing emissions by 50% by 2030 from business-as-usual
Saint Paul,City,green_team_community_led,,,
Saint Paul,City,vulnerable_population_assessment,,,https://www.ramseycounty.us/sites/default/files/Departments/Public%20Health/ccva_final.pdf
Saint Paul Park,City,ghg_inventory,Twin Cities GHG Inventory,,https://metrocouncil.org/tcghginventory.aspx
Saint Paul Park,City,green_team_joint,,,
Sartell,City,ghg_inventory,RII,,https://www.regionalindicatorsmn.com/city-summary
Sauk Rapids,City,formal_commitment,U.S. Conference of Mayors' Climate Protection Agreement,,https://www.usmayors.org/programs/mayors-climate-protection-center/
Sauk Rapids,City,ghg_inventory,RII,,https://www.regionalindicatorsmn.com/city-summary
Savage,City,ghg_inventory,Twin Cities GHG Inventory,,https://metrocouncil.org/tcghginventory.aspx
Scandia,City,ghg_inventory,Twin Cities GHG Inventory,,https://metrocouncil.org/tcghginventory.aspx
Scandia,City,green_team_joint,,,
Sherburn,City,ghg_inventory,RII,,https://www.regionalindicatorsmn.com/city-summary
Shoreview,City,environmental_sustainability_commission,,,https://www.shoreviewmn.gov/government/committees-and-commissions/environmental-quality
Shoreview,City,equity_human_rights_commission,,,https://www.shoreviewmn.gov/government/committees-and-commissions/human-rights
Shoreview,City,ghg_inventory,Twin Cities GHG Inventory,,https://metrocouncil.org/tcghginventory.aspx
Shorewood,City,energy_action_plan,,2019,https://xcelenergycommunities.com/sites/xcelenergycommunities.com/files/document/pdf/City%20of%20Shorewood%20Energy%20Action%20Plan.pdf
Shorewood,City,ghg_inventory,Twin Cities GHG Inventory,,https://metrocouncil.org/tcghginventory.aspx
Silver Bay,City,ghg_inventory,RII,,https://www.regionalindicatorsmn.com/city-summary
South Saint Paul,City,ghg_inventory,Twin Cities GHG Inventory,,https://metrocouncil.org/tcghginventory.aspx
South Saint Paul,City,green_team_joint,,,
South Washington Watershed District,Region,adaptation_resiliency_plan,,,https://www.swwdmn.org/wp-content/uploads/2018/03/FINAL_SWWD-Climate-Resiliency-Plan-3_26_2018.pdf
Southeast Minnesota,Region,vulnerable_population_assessment,,,https://static1.squarespace.com/static/53fbb928e4b0eafa4734317f/t/5b36572f2b6a28ec29e5573b/1530287939388/Southeast+Region+Population+Vulnerability+Assessment+and+Adaptation+Framework+060118.pdf
Southwest Regional Development Comission,Region,adaptation_resiliency_plan,,,https://palebluedot.llc/granite-falls-minnesota-climate-vulnerability-and-adaptation
Southwest Regional Development Comission,Region,vulnerable_population_assessment,,,https://palebluedot.llc/granite-falls-minnesota-climate-vulnerability-and-adaptation
Staples,City,energy_action_plan,,2021,https://www.regionfive.org/staples
Stillwater,City,ghg_inventory,Twin Cities GHG Inventory,,https://metrocouncil.org/tcghginventory.aspx
Stillwater,City,green_team_joint,,,https://www.sustainablestillwatermn.org/
Sunfish Lake,City,formal_commitment,U.S. Conference of Mayors' Climate Protection Agreement,,https://www.usmayors.org/programs/mayors-climate-protection-center/
Sunfish Lake,City,ghg_inventory,Twin Cities GHG Inventory,,https://metrocouncil.org/tcghginventory.aspx
Sunfish Lake,City,green_team_internal_staff,,,
Swanville,City,energy_action_plan,,2022,https://www.regionfive.org/swanville
Tower,City,formal_commitment,U.S. Conference of Mayors' Climate Protection Agreement,,https://www.usmayors.org/programs/mayors-climate-protection-center/
Turtle River,City,formal_commitment,U.S. Conference of Mayors' Climate Protection Agreement,,https://www.usmayors.org/programs/mayors-climate-protection-center/
Two Harbors,City,ghg_inventory,RII,,https://www.regionalindicatorsmn.com/city-summary
Vesta,City,green_team_internal_staff,,,
Victoria,City,ghg_inventory,Twin Cities GHG Inventory,,https://metrocouncil.org/tcghginventory.aspx
Virgina,City,equity_human_rights_commission,,,http://www.virginiamn.us/government/commission/human_rights/index.php
Virgina,City,formal_commitment,U.S. Conference of Mayors' Climate Protection Agreement,,https://www.usmayors.org/programs/mayors-climate-protection-center/
Warren,City,adaptation_resiliency_plan,,,https://palebluedot.llc/warren-minnesota-climate-vulnerability-and-adaptation
Warren,City,ghg_inventory,RII,,https://www.regionalindicatorsmn.com/city-summary
Warren,City,ghg_reduction_goal,,2018,https://www.warrenminnesota.com/vertical/sites/%7BE90113E1-BD14-442E-9522-C05229EDE30C%7D/uploads/SolSmart_Statement.pdf
Warren,City,vulnerable_population_assessment,,,https://palebluedot.llc/warren-minnesota-climate-vulnerability-and-adaptation
Waseca,City,formal_commitment,U.S. Conference of Mayors' Climate Protection Agreement,,https://www.usmayors.org/programs/mayors-climate-protection-center/
Washington County,County,energy_action_plan,,2018,https://www.co.washington.mn.us/DocumentCenter/View/21599/2018-Energy-Plan-PDF
Wayzata,City,energy_action_plan,,2020,https://www.wayzata.org/DocumentCenter/View/3673/Energy-Action-Plan?bidId=
Wayzata,City,ghg_inventory,Twin Cities GHG Inventory,,https://metrocouncil.org/tcghginventory.aspx
West Central Initiative,Region,climate_action_plan,,2023,https://wcif.org/regional-development/climate-action/
West Central Initiative,Region,energy_action_plan,,2023,https://wcif.org/regional-development/climate-action/
West Central Initiative,Region,ghg_reduction_goal,,2023,https://wcif.org/regional-development/climate-action/
West St. Paul,City,environmental_sustainability_commission,,,https://wspmn.gov/468/Environmental-Committee
West St. Paul,City,formal_commitment,Climate Emergency Declaration,,https://www.wspmn.gov/AgendaCenter/ViewFile/Item/12661?fileID=19645
West St. Paul,City,ghg_inventory,Twin Cities GHG Inventory,,https://metrocouncil.org/tcghginventory.aspx
White Bear Lake,City,environmental_sustainability_commission,,,https://www.whitebearlake.org/bc-environmentaladvisorycommission
White Bear Lake,City,formal_commitment,U.S. Conference of Mayors' Climate Protection Agreement,,https://www.usmayors.org/programs/mayors-climate-protection-center/
White Bear Lake,City,ghg_inventory,Twin Cities GHG Inventory,,https://metrocouncil.org/tcghginventory.aspx
White Bear Lake,City,green_team_internal_staff,,,
Willmar,City,equity_human_rights_commission,,,https://www.willmarmn.gov/government/boards_and_commissions/human_rights_commission.php
Willmar,City,ghg_inventory,RII,,https://www.regionalindicatorsmn.com/city-summary
Willmar,City,green_team_joint,,,
Winona,City,adaptation_resiliency_plan,,,https://www.cityofwinona.com/570/Sustainability
Winona,City,energy_action_plan,,2017,https://greenstep.pca.state.mn.us/sites/default/files/2.1WinonaActionFile.pdf
Winona,City,environmental_sustainability_commission,,,https://www.cityofwinona.com/294/Citizens-Environmental-Quality-Committee
Winona,City,equity_human_rights_commission,,,https://www.cityofwinona.com/305/Human-Rights-Commission
Winona,City,formal_commitment,Cities Race to Zero,,https://racetozero.unfccc.int/join-the-race/whos-in/
Winona,City,formal_commitment,U.S. Conference of Mayors' Climate Protection Agreement,,https://www.usmayors.org/programs/mayors-climate-protection-center/
Winona,City,ghg_inventory,RII,,https://www.regionalindicatorsmn.com/city-summary
Winona,City,ghg_reduction_goal,,2017,https://greenstep.pca.state.mn.us/sites/default/files/2.1WinonaActionFile.pdf
Winthrop,City,green_team_internal_staff,,,
Woodbury,City,formal_commitment,U.S. Conference of Mayors' Climate Protection Agreement,,https://www.usmayors.org/programs/mayors-climate-protection-center/
Woodbury,City,ghg_inventory,Twin Cities GHG Inventory,,https://metrocouncil.org/tcghginventory.aspx
Woodbury,City,green_team_internal_staff,,,
Wyoming,City,green_team_community_led,,,
