src_action_id,publisher_id,action_name,action_type,description,investment_cost,implementation_timeline,subsector_number,gpc_reference_number,emissions_impact_text,emissions_impact_numeric,cobenefits,action_role,intervention_type,outcome_summary,intervention_summary,generation_method
c40_0010,c40,Introduce energy-efficiency standards for new residential buildings,mitigation,"The city adopts new energy-efficiency standards for residential construction, ensuring all new buildings incorporate design and performance requirements such as improved thermal insulation, natural ventilation, shading devices, efficient lighting (LED), and solar-ready wiring for PV integration. Standards may also establish region-dependent requirements for cooling demand reduction (e.g., reflective roofs, cross-ventilation) and may also include whole life carbon requirements and promote the use of sustainable materials. Smaller cities can integrate these requirements into basic building codes, while larger cities can introduce advanced certifications or municipal green building standards.",low,<5 years,I.1,"[""I.1.1"",""I.1.2""]",very low,1,"[""air_quality"", ""housing""]",intervention,regulatory,New residential buildings meet higher energy-efficiency standards.,The city adopts energy-efficiency requirements in the building code for new residential construction.,expert_reviewed
c40_0012,c40,Introduce energy-efficiency standards for new institutional buildings,mitigation,"The city introduces energy-efficient and resource-efficient standards for schools, hospitals, and other public buildings, setting an example for sustainable construction. Standards should mandate efficient HVAC systems with proper zoning, daylighting strategies to reduce artificial lighting, occupancy sensors, reflective roofs, and integration of photovoltaic (PV) systems where feasibleand. They can also include whole life carbon requirements and promote the use of sustainable materials. Requirements may vary depending on regional climate conditions to address specific cooling or thermal comfort needs.",low,<5 years,I.2,"[""I.2.1"",""I.2.2""]",very low,1,"[""air_quality"", ""housing""]",intervention,regulatory,New institutional buildings meet higher energy-efficiency standards.,"The city sets energy-efficiency standards for new schools, hospitals, and other public buildings.",expert_reviewed
c40_0013,c40,Support Implementation of Industrial Building Efficiency Standards.,mitigation,"Support Implementation of Industrial Building Efficiency Standards set guidelines for environmentally responsible construction, ensuring that new structures adhere to energy-efficient practices, thereby reducing carbon emissions and promoting sustainable urban development. Standards may also include whole life carbon requirements and promote the use of sustainable materials.",low,<5 years,I.3,"[""I.3.1"",""I.3.2""]",very low,1,"[""housing"", ""air_quality""]",intervention,regulatory,New industrial buildings meet energy-efficiency and sustainable-materials standards.,The city supports implementation of industrial building efficiency standards.,expert_reviewed
c40_0015,c40,Retrofit residential buildings for energy efficiency,mitigation,"The city supports retrofitting existing residential buildings to improve energy efficiency and reduce emissions. Key interventions include replacing inefficient refrigerators, air conditioners, and lighting with high-efficiency models (e.g., PROCEL Seal appliances), sealing windows and doors to reduce air leakage, and improving indoor comfort through natural ventilation and shading. Municipalities can facilitate access to financing programs, bulk procurement, and technical assistance for households to adopt upgrades. Retrofits should prioritize passive cooling strategies (shading, ventilation) before installing high-efficiency cooling technologies using low-GWP refrigerants.",low,<5 years,I.1,"[""I.1.1"",""I.1.2""]",very low,1,"[""air_quality"", ""housing""]",intervention,infrastructure,Existing residential buildings use less energy.,The city funds and supports residential energy-efficiency retrofits.,expert_reviewed
c40_0016,c40,Retrofit commercial and institutional other non-residential buildings  for energy efficiency ,mitigation,"The city promotes energy retrofits in commercial and institutional buildings such as offices, shopping centers, universities, and hotels. Measures include upgrading HVAC systems with variable refrigerant flow (VRF) units, replacing fluorescent and halogen lighting with LEDs, implementing building automation and energy management systems, and improving the thermal envelope (insulation, reflective coatings, shading). Region-specific adaptations may also be required to address cooling and comfort needs. Retrofits often deliver short payback periods through lower operating costs and enhanced occupant comfort. Retrofits should prioritize passive cooling strategies (shading, ventilation) before installing high-efficiency cooling technologies using low-GWP refrigerants.",low,<5 years,I.2,"[""I.2.1"",""I.2.2""]",very low,1,"[""housing"", ""air_quality""]",intervention,infrastructure,Existing commercial and institutional buildings use less energy.,The city promotes energy retrofits in commercial and institutional buildings.,expert_reviewed
c40_0017,c40,Retrofit municipal buildings for energy efficiency,mitigation,"The city leads by example through energy retrofits in municipal buildings, including schools, health centers, and administrative offices. Interventions include replacing outdated air conditioners with high-efficiency models, upgrading lighting to LEDs with smart controls, improving building envelopes with reflective roofs and shading, and installing energy management systems for real-time monitoring. Adaptations should reflect regional climate conditions to ensure cost-effective energy savings. By prioritizing its own facilities, the city demonstrates leadership, reduces operating expenses, and showcases practical solutions that can be replicated by the private sector. Retrofits should prioritize passive cooling strategies (shading, ventilation) before installing high-efficiency cooling technologies using low-GWP refrigerants.",low,<5 years,I.2,"[""I.2.1"",""I.2.2""]",very low,1,"[""housing"", ""air_quality""]",intervention,infrastructure,Municipal buildings use less energy.,The city retrofits its own municipal buildings for energy efficiency.,expert_reviewed
c40_0018,c40,Optimize energy efficiency and sustainability standards for existing industrial infrastructure,mitigation,"The city will promote the optimization of energy and environmental performance in existing industrial infrastructure, aiming to maximize efficiency, reduce emissions, and lower operational costs. This action focuses on upgrading equipment, improving process efficiency, and retrofitting industrial facilities to meet higher sustainability standards. Municipal roles may include providing incentives for energy audits and retrofits, facilitating partnerships with industry associations and utilities, and adopting regulations or voluntary standards aligned with national efficiency programs. These measures enhance industrial competitiveness, reduce resource intensity, and contribute to the city’s broader decarbonization and circular economy objectives.",low,<5 years,I.3,"[""I.3.1"",""I.3.2""]",very low,1,"[""air_quality"", ""housing""]",intervention,regulatory,Existing industrial facilities operate at higher energy and environmental performance.,The city incentivises energy audits and retrofits in existing industrial infrastructure.,expert_reviewed
c40_0023,c40,Adopt zero-emission bus fleets for public transport,mitigation,"Adopt zero-emission bus fleets for public transport mitigation focuses on transitioning public transport fleets to zero-emission buses. According to the HIA, this means that the city or transit operator procures only zero-emission buses (from 2020 onwards). This strategy eliminates tailpipe emissions from traditional buses, improves air quality, and supports a sustainable and resilient urban transport system. Eco-driving training and maintenance programs can be implemented in parallel to maximize efficiency gains and emission reductions during the fleet transition.",high,<5 years,II.1,"[""II.1.1""]",low,2,"[""air_quality""]",outcome,,Public transport fleets shift to zero-emission buses.,,expert_reviewed
c40_0025,c40,Promote deployment of zero-emission freight fleets (trucks),mitigation,"Promote deployment of zero-emission freight fleets (trucks) mitigation involves adopting cleaner fuels and technologies to reduce the environmental impact of freight transportation. This initiative aims to decrease air pollution, promote sustainability, and improve the overall efficiency of urban logistics. Eco-driving training and maintenance programs can be implemented in parallel to maximize efficiency gains and emission reductions during the fleet transition.",medium,<5 years,II.1,"[""II.1.1""]",very low,1,"[""air_quality""]",intervention,program,Urban freight fleets shift to zero-emission trucks.,The city promotes zero-emission freight fleet adoption.,expert_reviewed
c40_0029,c40,Electrify municipal vehicle fleets,mitigation,"The city transitions its municipal vehicle fleets to electric vehicles, beginning with high-impact segments such as buses and garbage trucks. According to HIA guidance, this aligns with the broader objective of implementing key measures to promote transport electrification. Cities can adopt phased strategies, starting with their own fleets, then expanding through incentives for private sector fleets and gradually scaling as charging infrastructure develops. Emphasis should be placed on equity to ensure low-income areas also benefit from cleaner, quieter transport. Eco-driving training and maintenance programs can be implemented in parallel to maximize efficiency gains and emission reductions during the fleet transition.",high,5-10 years,II.1,"[""II.1.1""]",medium,3,"[""air_quality"", ""habitat"", ""stakeholder_engagement""]",outcome,,Municipal vehicle fleets shift to electric power.,,expert_reviewed
c40_0034,c40,Enact and enforce material bans in order to restrict single use and non-recyclable materials,mitigation,"Impose restrictions on single-use or non-recyclable materials (e.g., single-use plastics, Styrofoam bans) to reduce environmental impact and promote the use of sustainable alternatives, contributing to waste reduction and overall environmental conservation.",low,<5 years,III.1,"[""III.1.1""]",very low,1,"[""water_quality""]",intervention,regulatory,Single-use and non-recyclable materials are removed from circulation.,The city enacts and enforces bans on single-use and non-recyclable materials.,expert_reviewed
c40_0035,c40,Optmize waste management systems ,mitigation,"Improve the efficiency of waste management systems, throught the development ou actualization of  municipal planning or strategies and implementation of alterntives to  expand the service coverage to more areas of the municipality,  increase energy efficiency, segregated collection, adequate treatment, promote sustainable waste disposal practices, improve the monitoring of regular disposal and waste deposits, reduce resource consumption and minimize environmental impact. ",medium,<5 years,III.1,"[""III.1.1""]",very low,1,"[""water_quality"", ""stakeholder_engagement"", ""habitat"", ""cost_of_living""]",intervention,planning,Waste management systems cover more of the city with higher efficiency.,"The city develops municipal waste plans and expands collection, treatment, and disposal monitoring.",expert_reviewed
c40_0036,c40,Upgrade Landfills to Engineered Sanitary Landfills with Gas Capture.,mitigation,"Upgrade Landfills to Engineered Sanitary Landfills with Gas Capture. strategies focus on responsible and sustainable landfill practices to minimize environmental degradation. By adopting effective management techniques, cities aim to reduce the ecological footprint associated with landfill sites and encourage waste reduction.",medium,<5 years,III.1,"[""III.1.1""]",very low,1,"[""air_quality"", ""water_quality""]",intervention,infrastructure,Landfill methane is captured rather than vented.,The city upgrades landfills to engineered sanitary facilities with gas capture.,expert_reviewed
c40_0037,c40,"Implement residential and business segregated collection of recyclables, organic, and residual waste",mitigation,"Establish citywide three-bin waste separation systems-recyclables, organic waste, and residual waste, for households and businesses. Municipal governments play a central role by organizing segregated collection, running awareness campaigns, and providing training and engagement programs to ensure residents and businesses adopt correct waste sorting practices. Clear communication, adequate infrastructure, and continuous monitoring make this action scalable and practical for cities of all sizes, improving recycling rates and reducing landfill dependency. Cities should ensure universal coverage, address underserved areas, and monitor illegal dumping to achieve full implementation of segregated collection. Ensure that both dry and organic materials are collected separately, and strengthen recycling cooperatives as part of the system’s implementation.",medium,<5 years,III.1,"[""III.1.1""]",very low,1,[],intervention,program,"Households and businesses separate recyclables, organics, and residual waste at source.",The city establishes citywide three-bin waste collection.,expert_reviewed
c40_0040,c40,Implement Volume-Based Collection policy,mitigation,Implement volume based collection fees that reward generators that geneerate less waste and impose higher fees on larger generators. This policy should incentivize waste reduction in the cities.,low,5-10 years,III.1,"[""III.1.1""]",very low,1,[],intervention,regulatory,Waste generation falls in response to volume-based fees.,The city implements a volume-based waste collection fee policy.,expert_reviewed
c40_0042,c40,Expand urban and peri-urban green spaces,mitigation,"Expand and connect green spaces in cities and surrounding areas. This could include street tree planting, establishing green corridors, and developing pocket or largescale parks. Such efforts have many significant, long-lasting benefits. Increasing green space will enhance carbon sequestration and biodiversity. Green spaces improve climate resilience by providing shade, reducing the urban heat island effect and managing flood water. They also improve wellbeing, health and access to nature, while reducing noise and helping tackle air pollution. By integrating these measures into urban planning, cities can strengthen ecosystem services, improve resilience, and contribute to mitigation targets.",low,5-10 years,V.2,"[""V.2""]",low,2,"[""habitat"", ""water_quality"", ""air_quality""]",intervention,infrastructure,Urban and peri-urban green-space cover increases.,"The city plants, expands, and connects green spaces across the urban area.",expert_reviewed
c40_0071,c40,Promote the phase out the reliance on fossil fuels for cooking (in favour of high-efficiency electric cookstoves such as induction stoves).,mitigation,"Promote the phase out the reliance on fossil fuels for cooking encourage environmentally friendly cooking practices, including the use of energy-efficient appliances and sustainable cooking methods. This strategy promotes resource conservation and contributes to overall sustainability in food preparation.",low,5-10 years,I.6,"[""I.1.1""]",very low,1,[],intervention,program,Households shift from fossil-fuel cooking to high-efficiency electric stoves.,The city promotes electric cookstove adoption.,expert_reviewed
icare_0001,icare,Improve heat and energy recovery,mitigation,"Enhanced energy efficiency in industrial processes by recovering heat and energy from waste streams, improving process coupling, and adopting advanced technologies such as coke dry quenching, black liquor gasification, and top pressure recovery turbines. Includes reducing energy use in comminution, paper drying, and other industrial processes through optimized designs, operational improvements, and material efficiency strategies.",high,>10 years,IV.1,"[""IV.1""]",low,2,"[""air_quality"", ""water_quality"", ""stakeholder_engagement"", ""cost_of_living"", ""habitat""]",outcome,,Industrial processes recover heat and energy from waste streams.,,expert_reviewed
icare_0002,icare,Promote and expand the use of the Brazilian Energy Labeling Program for Buildings,mitigation,"The city will encourage the adoption and enforcement of the Brazilian Energy Labeling Program for Buildings to improve energy efficiency and reduce emissions from the building sector. The program evaluates and certifies buildings based on their energy performance, covering aspects such as thermal efficiency, lighting, and HVAC systems. Actions may include incentivizing developers and property owners to seek certification, integrating energy performance criteria into municipal building codes, and raising public awareness of the benefits of energy-efficient construction and renovation. ",low,<5 years,I.1,"[""I.1.1"",""I.1.2""]",low,2,"[""stakeholder_engagement""]",intervention,program,More buildings are certified under the Brazilian Energy Labeling Program.,The city promotes and expands use of the Brazilian Energy Labeling Program for Buildings.,expert_reviewed
icare_0006,icare,Develop integrated renewable energy planning and solar–battery microgrids for rural and peri-urban areas,mitigation,"The city will promote integrated regional energy planning to ensure that electricity expansion in rural and peri-urban areas is cost-effective, low-emission, and equitable. This approach combines renewable energy generation (e.g., solar PV and wind) with battery storage and microgrid systems to extend reliable access to electricity where traditional grid expansion is unviable or inefficient. Municipalities can partner with energy utilities, rural cooperatives, and neighboring jurisdictions to identify optimal locations for solar–battery microgrids or distributed renewable infrastructure, especially in areas adjoining urban centers where land availability supports clean energy generation for both city and rural users. Financing mechanisms may include public–private artnerships (PPPs), leasing models, concessional loans, and power purchase agreements (PPAs).",high,>10 years,I.4,"[""I.4.4""]",very low,1,"[""housing"", ""water_quality"", ""air_quality"", ""stakeholder_engagement"", ""cost_of_living""]",intervention,planning,Rural and peri-urban areas gain low-carbon electricity through solar-battery microgrids.,The city develops integrated regional renewable energy plans and microgrid deployment.,expert_reviewed
icare_0008,icare,Enable smart grid integration and distributed energy storage through municipal collaboration and demonstration projects,mitigation,"The city will collaborate with energy utilities, regulators, and technology providers to support the deployment of smart grid infrastructure and distributed energy storage systems that enhance flexibility, reliability, and renewable energy integration. While large-scale grid modernization is typically led by national or regional authorities",high,5-10 years,I.4,"[""I.4.1"",""I.4.2""]",very low,1,"[""stakeholder_engagement"", ""air_quality"", ""cost_of_living""]",intervention,infrastructure,The local grid operates with higher flexibility and distributed storage.,The city collaborates with utilities on smart-grid demonstrations and distributed storage projects.,expert_reviewed
icare_0009,icare,Deploy cogeneration systems in industries,mitigation,Utilize combined heat and power systems to maximize energy efficiency in industrial processes.,high,5-10 years,I.3,"[""I.3.1"",""I.3.2""]",very low,1,"[""air_quality""]",intervention,infrastructure,Industrial facilities generate heat and power together.,The city supports deployment of cogeneration systems in industrial facilities.,expert_reviewed
icare_0010,icare,Promote Net-Zero and Green Building Certifications,mitigation,"This action focuses on promoting sustainable buildings by supporting net-zero energy goals and encouraging green building certifications such as LEED. It aims to incentivize the construction and renovation of buildings that produce as much energy as they consume, reducing their environmental impact. This initiative also fosters the adoption of sustainable practices and technologies, ensuring long-term energy efficiency and environmental responsibility across residential, commercial, and public infrastructure.",medium,5-10 years,I.1,"[""I.1.1"",""I.1.2""]",very low,1,"[""air_quality"", ""housing"", ""stakeholder_engagement"", ""cost_of_living""]",intervention,program,More buildings meet net-zero and green-building certification thresholds.,The city promotes net-zero and green-building certifications.,expert_reviewed
icare_0012,icare,Expand solar energy generation on municipal facilities and public assets,mitigation,"The city will install and scale up solar photovoltaic (PV) systems on municipal buildings and public assets, including schools, health centers, administrative offices, bus terminals, water treatment plants, and decommissioned landfills. The objective is to increase the share of renewable electricity in municipal operations, lower energy costs, and reduce greenhouse gas emissions. Facilitating pilot and demonstration projects in municipal buildings, neighborhoods, or industrial zones to showcase the benefits of smart meters, automated controls, and local storage systems; Supporting demand-side flexibility programs, such as time-of-use tariffs and smart appliance initiatives; Incorporating grid-readiness and distributed generation planning into local development and zoning strategies; and 
Engaging in integrated resource planning with utilities to ensure that urban and peri-urban energy needs are aligned with regional grid upgrades.",medium,5-10 years,I.4,"[""I.4.4""]",very low,1,"[""stakeholder_engagement"", ""cost_of_living""]",intervention,infrastructure,Municipal facilities generate more of their own electricity from solar PV.,The city installs PV on municipal buildings and public assets.,expert_reviewed
icare_0015,icare,Promote Mini and Micro-Hydropower and Biomass Energy,mitigation,"This action focuses on promoting renewable energy generation by developing mini and micro-hydropower plants and encouraging biomass energy production in agricultural regions. By harnessing the potential of local water resources and organic waste, this initiative aims to diversify the energy mix, improve energy security, and support sustainable agricultural practices, reducing dependence on fossil fuels while promoting environmentally friendly energy solutions.",high,5-10 years,I.4,"[""I.4.4""]",high,4,"[""habitat"", ""water_quality"", ""stakeholder_engagement""]",intervention,infrastructure,Mini/micro-hydropower and biomass expand in the local energy mix.,The city promotes mini/micro-hydropower and biomass energy development.,expert_reviewed
icare_0016,icare,"Promote solar thermal and heat pump systems for water heating in residential, commercial, and public buildings",mitigation,"The city will encourage the adoption of renewable and efficient water heating systems, including solar thermal collectors and heat pumps, across residential, commercial, and public facilities. These systems significantly reduce energy consumption and emissions associated with conventional electric or gas water heating. Municipal actions may include: Installing systems in public buildings (schools, hospitals, sports centers) to demonstrate leadership and reduce operational costs; Providing incentives or financing programs for residential and commercial installations; and Updating building codes or efficiency standards to integrate renewable heating technologies in new and retrofitted constructions.",medium,<5 years,I.1,"[""I.1.1"",""I.1.2"",""I.2.1"",""I.2.2""]",low,2,"[""stakeholder_engagement"", ""cost_of_living""]",intervention,program,Water heating shifts to solar thermal and heat pumps.,"The city promotes solar thermal and heat pump water heating across residential, commercial, and public buildings.",expert_reviewed
icare_0023,icare,Upgrade and maintain electrical substations,mitigation,Enhance the reliability and efficiency of the electrical grid by modernizing substation equipment and implementing regular maintenance programs.,medium,5-10 years,I.4,"[""I.4.1"",""I.4.2""]",high,4,[],intervention,infrastructure,Electrical substations run more reliably with lower losses.,The city upgrades and maintains electrical substations.,expert_reviewed
icare_0024,icare,Integrate renewables into municipal water systems,mitigation,"Implement renewable energy sources, such as solar or wind power, to drive water treatment, pumping, and distribution systems, reducing energy costs and emissions.",medium,5-10 years,I.4,"[""I.4.4""]",very high,5,"[""water_quality"", ""cost_of_living"", ""air_quality"", ""habitat"", ""stakeholder_engagement""]",intervention,infrastructure,Municipal water systems run on renewable power.,"The city installs renewable energy on water treatment, pumping, and distribution systems.",expert_reviewed
icare_0025,icare,Promote energy-efficient and climate-resilient housing for low-income and informal settlements,mitigation,"The city will develop and support housing programs that integrate energy-efficient and climate-resilient design principles, reducing energy costs and improving comfort for low-income households and residents of informal settlements. Measures may include the use of thermal insulation materials, reflective roofing, natural ventilation, and efficient lighting and appliances (such as LEDs and solar water heaters). Municipal actions can involve incentivizing retrofits, integrating efficiency criteria into social housing programs, and offering technical assistance or subsidies for small-scale upgrades. This action can be combined with broader improvement projects that address sanitation, water access, and structural safety, fostering integrated and inclusive neighborhood upgrading. These interventions enhance quality of life, reduce energy poverty, and contribute to urban climate mitigation and adaptation goals.",medium,5-10 years,I.1,"[""I.1.1"",""I.1.2""]",high,4,"[""stakeholder_engagement"", ""cost_of_living"", ""housing""]",intervention,program,Low-income and informal-settlement housing improves in energy efficiency and thermal comfort.,The city runs housing programs with energy-efficient and climate-resilient design.,expert_reviewed
icare_0026,icare,Implement time-of-use electricity tariffs to enhance demand-side flexibility and efficiency,mitigation,"The city will work with energy regulators and utilities to introduce time-of-use (TOU) electricity tariffs that incentivize consumers to shift energy use toward off-peak hours. By encouraging demand-side flexibility, this measure helps to balance grid demand, ensure grid stability, and lower energy costs for consumers, particularly when combined with energy-efficient appliances and smart metering technologies. Municipal roles may include advocating for regulatory approval, piloting TOU programs in public facilities, and raising awareness among residential, commercial, and industrial users. This action supports the city’s broader energy efficiency and resilience objectives, helping to integrate renewable energy more effectively and reduce peak load pressures.",low,<5 years,I.4,"[""I.4.1"",""I.4.2""]",low,2,"[""cost_of_living"", ""air_quality""]",intervention,financial,Electricity use shifts toward off-peak hours.,The city works with regulators and utilities to introduce time-of-use electricity tariffs.,expert_reviewed
icare_0027,icare,Create financing programs for local renewable energy projects,mitigation,"Establish funding mechanisms, such as grants and low-interest loans, to support the development of small-scale renewable energy initiatives in communities. These programs can also support community renewable energy farms and cooperatives, enabling shared access to clean power and strengthening local ownership models.",medium,5-10 years,I.4,"[""I.4.1"",""I.4.2""]",high,4,"[""air_quality"", ""housing"", ""stakeholder_engagement"", ""cost_of_living""]",intervention,financial,Community renewable projects and cooperatives expand.,The city creates financing programs for local renewable energy projects.,expert_reviewed
icare_0028,icare,"Promote passive cooling through natural shading and ventilation in residential, commercial, and public buildings",mitigation,"The city will require or encourage passive cooling design features—including shaded facades, green roofs, natural ventilation, reflective surfaces, and cross-ventilation layouts—to reduce dependence on mechanical air conditioning in residential, commercial, and public buildings. These measures improve indoor comfort, lower energy demand, and enhance urban resilience to heat stress. Implementation can include updating building codes, incentivizing retrofits, and providing design guidance for new developments and renovations. This action complements other green building initiatives and supports long-term climate adaptation through energy efficiency and thermal comfort.",low,<5 years,I.1,"[""I.1.1"",""I.1.2"",""I.2.1"",""I.2.2""]",low,2,"[""cost_of_living"", ""air_quality"", ""housing""]",intervention,regulatory,Buildings rely less on mechanical air conditioning through passive cooling.,The city requires or encourages passive cooling in building codes and retrofits.,expert_reviewed
icare_0031,icare,Capture & Use Biogas at Wastewater Treatment Plants',mitigation,"Install biogas systems in wastewater treatment facilities to produce renewable energy from organic sludge, reducing emissions and operational costs. Technologies may include sludge digestion, CHP for plant loads, and upgrading to biomethane for vehicles. This action can be financed by development banks and can be scaled by regionalization.",high,5-10 years,III.4,"[""III.4.1""]",high,4,[],outcome,,Wastewater treatment plants capture biogas from organic sludge for energy use.,,expert_reviewed
icare_0033,icare,Install biodigesters in rural properties,mitigation,"Equip rural farms and properties with biodigesters to convert organic waste into biogas and nutrient-rich fertilizers, providing a sustainable energy source.",medium,<5 years,I.5,"[""I.5.1"",""I.5.2""]",very low,1,"[""cost_of_living"", ""air_quality""]",intervention,infrastructure,Rural organic waste is converted to biogas and fertiliser on-site.,The city installs biodigesters on rural properties.,expert_reviewed
icare_0034,icare,Improve Fuel Supply Systems for Industrial Heating,mitigation,"Enhancing fuel delivery systems in the steel production process by implementing technologies such as pulverized coal injection, improving furnace designs and process controls, and optimizing fuel combustion for heating. Includes energy efficiency measures to reduce emissions from coal and coke used in conventional iron-making, and the potential adoption of alternative reductants like biomass and waste plastics.",low,<5 years,IV.1,"[""IV.1""]",low,2,"[""air_quality"", ""cost_of_living"", ""stakeholder_engagement""]",outcome,,Industrial heating fuel systems shift to more efficient combustion and alternative reductants.,,expert_reviewed
icare_0035,icare,Enhance industrial energy efficiency processes,mitigation,Implement advanced technologies and process optimizations in industrial facilities to minimize energy consumption and improve productivity.,medium,5-10 years,I.3,"[""I.3.1"",""I.3.2""]",very low,1,"[""cost_of_living"", ""habitat"", ""air_quality"", ""water_quality""]",intervention,infrastructure,Industrial facilities use less energy per unit of output.,The city supports industrial energy-efficiency process upgrades.,expert_reviewed
icare_0040,icare,Deploy energy-efficient and solar-powered street lighting across all neighborhoods,mitigation,"The city will install LED-based (or other low emission technologies), solar-powered streetlights in all neighborhoods, including rural and peri-urban areas, to enhance safety, accessibility, and social inclusion while reducing energy costs and environmental impacts. Where feasible, the action prioritizes solar power generation, especially in areas with limited grid coverage or high carbon intensity. In locations where the electricity grid is already clean, the focus will be on maximizing lighting efficiency through LED retrofits and smart controls. Municipal roles include procuring equipment, establishing public–private financing mechanisms, and contracting long-term maintenance services to ensure system reliability. This action delivers strong co-benefits for communities of all sizes but requires careful planning to address maintenance and operational challenges.",medium,5-10 years,I.1,"[""I.1.1"",""I.1.2""]",very low,1,"[""air_quality"", ""cost_of_living"", ""mobility"", ""stakeholder_engagement""]",intervention,infrastructure,Street lighting shifts to efficient LED and solar-powered fixtures.,The city installs energy-efficient and solar-powered streetlights.,expert_reviewed
icare_0045,icare,"Promote organic, regenerative and agroecological agriculture in rural areas",mitigation,"Promote organic, regenerative and agroecological agricultural principles in the rural areas of the city. This can include reducing reliance on chemical pesticides, improving soil health and promoting carbon sequestration in the soil. Actions could include providing technical training and educational programmes for rural producers, using economic instruments to incentivize agroecological conversion, and creating resources or networks for skill sharing. Work cooperatively with rural producers, including engaging with Indigenous practises and skillsets.",low,<5 years,I.5,"[""V.2""]",low,2,"[""air_quality"", ""habitat"", ""water_quality""]",intervention,program,"Rural agriculture shifts toward organic, regenerative, and agroecological practices.","The city provides training, incentives, and resources for agroecological conversion.",expert_reviewed
icare_0049,icare,Develop regional hubs for renewable energy production,mitigation,"Establish strategic centers for large-scale renewable energy generation, supporting local economies and providing reliable, clean energy to surrounding areas.",high,>10 years,I.4,"[""I.4.4""]",very low,1,"[""air_quality"", ""stakeholder_engagement"", ""water_quality"", ""cost_of_living""]",intervention,infrastructure,Regional renewable generation hubs expand.,The city participates in developing regional renewable energy hubs.,expert_reviewed
icare_0050,icare,Accelerate the adoption of Agroforestry',mitigation,"Promote agroforestry systems by integrating trees into food cultivation and pasture, increasing biodiversity and carbon sequestration. Agroforestry integrates trees and shrubs with crops and/or livestock to sequester carbon, enhance soil health, reduce soil erosion, improve water quality, and diversify livelihoods. It also offers co-benefits like mitigating regional climates and increasing land productivity while addressing risks like biodiversity and hydrology impacts. Agroforestry systems can include silvopastoral systems, alley cropping, riparian buffer planting. Create financial and technical incentives for integrating agroforestry practices into livestock systems.",medium,5-10 years,I.5,"[""V.2""]",medium,3,"[""cost_of_living"", ""stakeholder_engagement"", ""air_quality"", ""water_quality"", ""habitat""]",outcome,,Trees are integrated into food cultivation and pasture systems.,,expert_reviewed
icare_0053,icare,Support cooperatives of voluntary waste collectors to aggregate into small enterprises and expand into organics management,mitigation,"Measures to aggregate voluntary waste collectors into small enterprises or associtations, improve working conditions and income in the processes of sorting recyclable and organic waste to contribute for GHG emissions reduction and the increase climate risk resilience. It includes mapping individual and groups of voluntary waste collectors, provide training for collectors in waste management and treatement technologies, economics, business management, and conceptual planning for the operation and administration of the Sorting Unit.",medium,<5 years,III.1,"[""III.1.1""]",low,2,"[""stakeholder_engagement"", ""cost_of_living"", ""habitat""]",intervention,program,Informal waste collectors organise into cooperatives and small enterprises.,"The city supports cooperative formation, training, and expansion into organics management.",expert_reviewed
icare_0064,icare,Develop an organic waste management strategy ,mitigation,"Development of an organic waste management strategy with near, mid and long term interventions, integrating aquisition and implementation of organic waste treatment technologies and resources to build the adequate infrastructure to treat the collected waste, such as composting, biodigestion and other technologies, in order to reduce the amount sent to landfills and to achieve maximum organics waste diversion",medium,5-10 years,III.2,"[""III.2.1""]",low,2,"[""habitat"", ""water_quality""]",intervention,planning,Organic waste is diverted from landfill to composting and biodigestion.,The city develops an organic waste management strategy.,expert_reviewed
icare_0069,icare,Complete ecological and agroclimatic mapping,mitigation,"Use zoning and mapping tools to identify areas best suited for sustainable agriculture and those that require environmental preservation. Incorporate findings into planning or zoning regulations, Economic Plans, Climate Action Plans and associated strategic work or policy design. Include mappings of local Indigenous and smallholder-linked land, public spaces, socio-economic data and other priorities. This will help inform plans to accelerate agroecological production locally and preserve ecologically important areas, and can be a useful tool for engaging stakeholders.",low,<5 years,I.5,"[""V.2""]",low,2,[],intervention,planning,Land use aligns with ecological and agricultural suitability.,The city completes ecological and agroclimatic mapping and integrates it into planning.,expert_reviewed
icare_0071,icare,Increase efficiency of industrial furnaces and kilns,mitigation,"Enhancing the design and operation of furnaces and kilns to improve energy efficiency and reduce emissions. Includes technologies such as improved heat and energy recovery from process gases, advanced process controls, and better furnace designs to minimize temperature cycles and optimize fuel usage.",medium,5-10 years,IV.1,"[""IV.1""]",very low,1,"[""habitat"", ""stakeholder_engagement"", ""air_quality"", ""water_quality""]",outcome,,Industrial furnaces and kilns operate at higher energy efficiency.,,expert_reviewed
icare_0072,icare,Improve Heat Recovery and Reuse through Heat Exchanger Networks or Heat Pumps,mitigation,"This action involves improving heat-use energy efficiency by utilizing heat exchanger networks and high-temperature heat pumps to recover and reuse waste heat in industrial processes. Techniques include reducing heat needs via thermal insulation, reusing waste heat at various temperature grades, and recycling waste heat for power generation through technologies such as mechanical vapor recompression and thermoelectric conversion.",low,<5 years,IV.1,"[""IV.1""]",very low,1,"[""water_quality"", ""stakeholder_engagement"", ""air_quality""]",outcome,,Industrial waste heat is recovered and reused through heat exchanger networks and heat pumps.,,expert_reviewed
icare_0074,icare,Adopt industrial energy efficiency technologies,mitigation,"Implementation of energy-efficient technologies in mining processes, particularly in comminution, by upgrading ore concentration methods, using efficient grinding and crushing technologies, and optimizing particle size feed. Other opportunities include improving separation, drying, and materials handling processes.",medium,5-10 years,IV.1,"[""IV.1""]",very low,1,"[""air_quality"", ""stakeholder_engagement"", ""habitat"", ""water_quality"", ""cost_of_living""]",outcome,,Mining processes adopt energy-efficient comminution and materials handling technologies.,,expert_reviewed
icare_0076,icare,Electrify Industrial Processes (with Renewable Power),mitigation,"Transitioning steel production processes to electrified methods such as molten oxide electrolysis, advanced direct reduction, and other methods powered by low-carbon electricity to reduce emissions and improve energy efficiency.",medium,>10 years,IV.1,"[""IV.1""]",low,2,"[""cost_of_living"", ""habitat"", ""stakeholder_engagement"", ""air_quality"", ""water_quality""]",outcome,,Industrial processes electrify with renewable power.,,expert_reviewed
icare_0078,icare,Decarbonize industrial feedstocks,mitigation,"Decarbonising feedstocks for industrial processes through Carbon Capture and Storage (CCS), Carbon Capture and Utilisation (CCU), and integration with low-carbon energy sources. This includes capturing carbon from various industrial emissions and reusing or storing it to reduce greenhouse gas emissions. Applications include creating synthetic fuels, chemicals, and materials while using renewable energy or biogenic carbon sources.",medium,5-10 years,IV.1,"[""IV.1""]",very low,1,"[""cost_of_living"", ""water_quality"", ""air_quality"", ""stakeholder_engagement"", ""habitat""]",outcome,,"Industrial feedstocks are decarbonised through CCS, CCU, and low-carbon energy integration.",,expert_reviewed
icare_0079,icare,Implement carbon capture and utilization (CCU),mitigation,"Capturing CO₂ from industrial processes or combustion gases and reusing it for producing fuels, chemicals, and building materials, reducing emissions from the initial source and substituting new fossil/biogenic feedstocks. Prioritize CCU for residual emissions and for end-uses with robust MRV and, where possible, durable carbon retention; do not displace higher-priority efficiency and material circularity measures.",low,<5 years,IV.1,"[""IV.1""]",low,2,"[""water_quality"", ""stakeholder_engagement"", ""cost_of_living"", ""air_quality""]",intervention,infrastructure,Industrial CO₂ is captured and reused as feedstock.,The city supports implementation of carbon capture and utilisation.,expert_reviewed
icare_0082,icare,Implement carbon capture and storage (CCS),mitigation,"Carbon Capture and Storage (CCS) involves capturing CO₂ from industrial processes, energy generation, or the atmosphere and storing it in geological formations for millennia. CCS can enable near-zero or negative emissions when combined with sustainably sourced biofuels or direct air capture. Apply CCS primarily to residual/process emissions (e.g., calcination) after efficiency, circularity, and electrification have been pursued where feasible.",high,>10 years,IV.1,"[""IV.1""]",low,2,"[""water_quality"", ""cost_of_living"", ""stakeholder_engagement"", ""habitat"", ""air_quality""]",intervention,infrastructure,Industrial CO₂ is captured and stored in geological formations.,The city supports implementation of carbon capture and storage.,expert_reviewed
icare_0099,icare,Increase local participation in Agroecological Certification Programmes,mitigation,"Agroecological product certifications confirm products meet sustainability criteria and have low environmental impact. Certifications may help rural producers to understand sustainable practices, improve their use of sustainable practices, and increase demand for their products. Actions include creating a dedicated local programme, starting a partnership with an existing certification programme, or raising awareness of certification options and routes to compliance among local producers.",low,<5 years,I.5,"[""V.1"",""V.2""]",low,2,"[""habitat"", ""air_quality"", ""water_quality"", ""stakeholder_engagement"", ""cost_of_living""]",outcome,,More local rural producers hold agroecological certifications.,,expert_reviewed
icare_0101,icare,Accelerate the adoption of Zero Emission Agricultural Machinery,mitigation,"Support the transition to zero-emission agricultural machinery, such as tractors and equipment powered by renewable electricity or solar energy. These technologies eliminate greenhouse gas emissions, reduce harmful air pollution and noise, and offer opportunities to modernize and improve agricultural tools and practices. Cities and regions can take multiple actions to accelerate this transition, including:
- Replacing existing municipal machinery with zero-emission alternatives.
- Establishing equipment leasing or sharing schemes to increase accessibility.
- Launching local awareness campaigns through training, education, and communication channels.
- Creating financial incentive or loan programs to encourage adoption.
- Partnering with manufacturers and organizing fairs or demonstrations to showcase zero-emission technologies and other sustainable agricultural solutions to local producers.",medium,5-10 years,I.5,"[""V.2""]",very low,1,"[""stakeholder_engagement"", ""air_quality"", ""water_quality"", ""habitat""]",outcome,,Agricultural machinery shifts to zero-emission power.,,expert_reviewed
icare_0104,icare,Adopt hybrid renewable energy systems (solar-wind),mitigation,"Combine solar and wind energy technologies to create reliable, diversified renewable energy systems suitable for various environmental conditions.",high,>10 years,I.4,"[""I.4.4""]",low,2,"[""stakeholder_engagement""]",outcome,,Local renewable generation diversifies into hybrid solar-wind systems.,,expert_reviewed
icare_0105,icare,Reduce technical losses in energy distribution networks,mitigation,"Upgrade and maintain electrical infrastructure to minimize energy lost during transmission and distribution, improving overall grid efficiency.",medium,5-10 years,I.4,"[""I.4.1"",""I.4.2""]",very low,1,"[""stakeholder_engagement"", ""air_quality"", ""cost_of_living""]",outcome,,Technical losses in energy distribution networks fall.,,expert_reviewed
icare_0110,icare,"Regulate Construction and Demolition Waste Management to improve deconstruction, segregation at source, reutilization and recycling",mitigation,"Establish comprehensive guidelines for the sustainable management of construction and demolition waste (CDW) to promote efficiency, circularity, and environmental responsibility across the construction sector. The action aims to reduce waste generation at the source, encourage selective deconstruction instead of conventional demolition, and foster material segregation, reuse, and recycling.

These guidelines should define technical standards, responsibilities, and incentives for all stakeholders involved — including contractors, developers, and waste operators — to ensure that valuable materials such as concrete, metals, wood, and aggregates are recovered and reintegrated into new construction cycles. The framework should also establish procedures for safe handling, transportation, and disposal of non-recyclable materials, ensuring compliance with environmental regulations and minimizing landfill use.",medium,<5 years,III.1,"[""III.1.1""]",low,2,"[""water_quality"", ""habitat""]",intervention,regulatory,"Construction and demolition waste is reduced, reused, and recycled.","The city regulates construction and demolition waste management for deconstruction, segregation, and reuse.",expert_reviewed
icare_0111,icare,Strengthen Extended Producer Responsibility (EPR) Systems,mitigation,"Enhance processes for returning products to the production cycle, encouraging collection, reuse, and recycling.",medium,5-10 years,III.1,"[""III.1.1""]",low,2,"[""cost_of_living"", ""habitat"", ""water_quality"", ""stakeholder_engagement""]",intervention,regulatory,"Products re-enter production cycles through return, reuse, and recycling.",The city strengthens Extended Producer Responsibility systems.,expert_reviewed
icare_0117,icare,Improve public transport systems to promote modal shift,mitigation,"Implements measures to enhance the coverage, frequency, capacity, speed, reliability, accessibility, resilience, safety, affordability, comfort, and convenience of public transport systems (e.g., buses, BRT, informal transport, intra-city rail). Specific actions include expanding routes, improving service frequency and reliability, integrating ticketing systems, and ensuring universal accessibility. These improvements encourage passengers to shift from private motorized transport to public transport, reducing emissions and supporting more sustainable mobility.",medium,5-10 years,II.1,"[""II.1.1""]",low,2,"[""mobility"", ""air_quality"", ""cost_of_living""]",outcome,,Passengers shift from private motorised transport to public transport.,,expert_reviewed
icare_0120,icare,"Implement energy efficiency criteria and indicators in the procurement of goods, services, or works by the municipal public administration.",mitigation,"The architectural projects for all renovations and constructions contracted must be designed to minimize the use of artificial lighting and internal cooling, allowing for the use of natural light and cross ventilation. It sould include all energy end-uses in municipal buildings, promote the use of sustainable materials, and adoption of passive design principles.",low,<5 years,I.6,"[""I.6.1""]",low,2,"[""stakeholder_engagement""]",intervention,regulatory,Municipal buildings and works are procured to minimise energy demand and use sustainable materials.,The city embeds energy-efficiency criteria into public procurement.,expert_reviewed
icare_0121,icare,"Incentive to create bike-sharing programs in urban areas, with a focus on electric bikes.",mitigation,"This action encourages the establishment of bike-sharing systems in cities, specifically promoting the use of electric bicycles. These systems allow residents to rent electric bikes for short trips, reducing the dependence on cars for urban transportation. By integrating electric bikes, cities can further reduce greenhouse gas emissions, alleviate traffic congestion, and promote a healthier and more sustainable mode of transportation for both urban and rural areas. This initiative also supports mobility equality, as it makes bikes more accessible to a wider range of people.",medium,<5 years,II.1,"[""II.1.1""]",low,2,"[""stakeholder_engagement"", ""mobility"", ""cost_of_living"", ""air_quality""]",intervention,financial,Short urban trips shift from cars to electric bicycles.,The city incentivises electric bike-sharing programs.,expert_reviewed
icare_0122,icare,Establish eco-parks.,mitigation,"An eco-park is a facility for the mechanical and biological treatment of urban solid waste, integrating different technologies for the segregation and treatment of various fractions within the waste. This treatment aims to maximize the recovery of dry and organic waste and reduce the volume of waste to be sent for final disposal in landfills, using technologies such as energy generation, composting, recycling recovery, proper disposal of residual waste, and other existing treatment methods available in the market. By integrating these processes , eco-parks operate as multi-technology hubs for waste management, fostering synergies between waste reduction, energy recovery, and environmental protection for the cities. They also contribute to green job creation, climate change mitigation, and urban sustainability.",medium,<5 years,V.2,"[""V.2""]",low,2,"[""water_quality"", ""habitat"", ""housing"", ""air_quality""]",intervention,infrastructure,Urban solid waste is treated in multi-technology eco-park hubs.,The city establishes eco-park facilities for mechanical and biological waste treatment.,expert_reviewed
icare_0127,icare,Improve Accelerate Environmental Regularization of Rural Properties,mitigation,Implement programs to register properties in the Rural Environmental Registry (CAR) and adhere to environmental restoration commitments.,medium,5-10 years,I.5,"[""V.2""]",low,2,"[""water_quality"", ""habitat"", ""stakeholder_engagement"", ""air_quality""]",outcome,,Rural properties are registered in the Rural Environmental Registry and subject to restoration commitments.,,expert_reviewed
icare_0128,icare,Establish Municipal Programs for Payment for Environmental Services and other ecological financial incentives,mitigation,"Financial incentives such as loans, taxes, grants and rebates can be effective ways to promote ecological conservation and more sustainable practices. Municipalities can initiate schemes or help implement regional or national programmes. Payment for Environmental Services involves paying landowners for maintaining or improving environmental conditions on their properties.",medium,5-10 years,V.2,"[""V.2""]",low,2,"[""stakeholder_engagement"", ""water_quality"", ""habitat"", ""cost_of_living"", ""air_quality"", ""housing""]",intervention,financial,Landowners receive payments for maintaining or improving environmental conditions.,The city establishes municipal payment-for-environmental-services programs.,expert_reviewed
icare_0131,icare,Prioritize Procurement of Locally Produced Agroecological Products in Public Purchases,mitigation,"Focus on buying sustainable, locally produced food for public institutions. Additional actions could include identifying reliable local suppliers, partnering with producers and allocating funding to wider sustainable procurement programs and establishing monitoring systems to ensure compliance with sustainability goals",low,<5 years,I.5,"[""V.2""]",low,2,"[""water_quality"", ""habitat"", ""air_quality"", ""cost_of_living"", ""stakeholder_engagement""]",intervention,regulatory,Public-institution food purchases shift to locally produced agroecological products.,The city prioritises local agroecological products in public procurement.,expert_reviewed
icare_0132,icare,Encourage Local Agroecological Production and Short Supply Chains,mitigation,"Support local, sustainable agricultural practices and reduce emissions associated with food transport. Actions could include incentives for local food distribution networks, partnerships with producers and investment in infrastructure to support local markets and policies to prioritize low-emission transportation methods. These should be underpinned by other programmes to encourage local sustainable agriculture methods.",low,<5 years,I.5,"[""V.2""]",low,2,"[""habitat"", ""air_quality"", ""cost_of_living"", ""water_quality"", ""stakeholder_engagement""]",intervention,program,Local agroecological production expands through short supply chains.,The city supports local agroecological production and low-emission distribution networks.,expert_reviewed
icare_0137,icare,Replace Inefficient Lighting with LED Technology in Public Spaces,mitigation,"This action focuses on replacing outdated and inefficient lighting systems in public spaces with energy-efficient LED technology. The objective is to enhance energy efficiency, reduce operational costs, and lower carbon emissions, contributing to a more sustainable and environmentally-friendly municipal infrastructure.",medium,<5 years,I.2,"[""I.2.1"",""I.2.2""]",low,2,"[""housing"", ""mobility""]",intervention,infrastructure,Public-space lighting runs on efficient LED technology.,The city replaces outdated public-space lighting with LED fixtures.,expert_reviewed
icare_0139,icare,Implement congestion pricing and restrictions on high-polluting vehicles,mitigation,"The city introduces congestion pricing and related restrictions (such as tolls, charges, or bans) on high-polluting vehicles that cover significant parts of the city. To ensure equity and social acceptance, design measures may include exemptions or discounts for low-income drivers, reinvestment of revenues into public transport and active mobility, and strong communication campaigns. While congestion pricing can deliver major emission reductions, it requires substantial governance capacity and is best suited for larger metropolitan areas.",low,<5 years,II.1,"[""II.1.1""]",low,2,"[""mobility"", ""air_quality"", ""cost_of_living""]",intervention,regulatory,Private vehicle use falls in central urban areas.,The city introduces congestion pricing and restrictions on high-polluting vehicles.,expert_reviewed
ipcc_0001,ipcc,Promote compact urban form and transit-oriented development,mitigation,"Encourages compact and mixed-use urban development to reduce travel distances, car dependency, and related GHG emissions. Measures include transit-oriented development (TOD), zoning reforms, densification around transport corridors, and integration of land use and mobility planning. Particularly suited for larger cities with the capacity to update master plans and invest in transit infrastructure.",high,>10 years,II.1,"[""II.1.1""]",very low,1,"[""housing"", ""mobility"", ""cost_of_living"", ""stakeholder_engagement"", ""air_quality""]",intervention,planning,Urban form becomes more compact and mixed-use.,The city promotes transit-oriented development and densification around transport corridors.,expert_reviewed
ipcc_0023,ipcc,Design products with lightweight materials,mitigation,"This action involves improving material efficiency by designing lighter products, optimizing material usage to maintain functionality, and incorporating circular economy principles such as reusability, repairability, and recyclability. It spans the entire product lifecycle, from design to end-of-life management.",high,5-10 years,IV.1,"[""IV.1""]",low,2,"[""air_quality""]",intervention,program,Products are designed with less material and higher circularity.,The city promotes lightweight and circular product design.,expert_reviewed
ipcc_0024,ipcc,Improve material utilization efficiency in production,mitigation,"This action focuses on enhancing material efficiency by adopting near-net shape casting and similar innovative manufacturing techniques. These methods reduce material wastage during production, improve yield from raw materials, and enhance energy efficiency by minimizing reprocessing. Strategies include optimizing product design, lightweighting, and improving recycling and reuse processes.",high,5-10 years,IV.1,"[""IV.1""]",low,2,"[""air_quality""]",outcome,,Manufacturing raises yield from raw materials.,,expert_reviewed
ipcc_0025,ipcc,"Design for Recovery, Reuse, or Repurposing",mitigation,"This action involves designing products to enable circular principles such as extended product life, reusability, repairability, and ease of recycling. It emphasizes lightweighting, material optimization, and improved recovery of materials at the end of their lifecycle through reuse, remanufacturing, or recycling.",high,5-10 years,IV.1,"[""IV.1""]",low,2,"[""air_quality""]",intervention,program,"Products are designed for reuse, repair, and recycling.",The city promotes circular product design principles.,expert_reviewed
ipcc_0026,ipcc,Adopt alternative feedstocks in industrial production,mitigation,"Utilizing alternative feedstocks, such as blast furnace slag, fly ash, and pozzolans, to reduce the clinker-to-cement ratio in cement production. These alternatives lower emissions associated with calcination and energy-intensive processes. Improved material efficiency through high-strength concretes and innovative placement methods further reduces material usage.",high,5-10 years,IV.1,"[""IV.1""]",high,4,"[""air_quality""]",outcome,,Cement production shifts to alternative feedstocks.,,expert_reviewed
ipcc_0028,ipcc,"Behavioral Changes for Reduced Waste (e.g., Food)",mitigation,"Encouraging behavioral changes to reduce waste in industrial processes and consumer habits, particularly in food production and consumption. This includes reducing food waste through better planning, optimizing portion sizes, and improving recycling and reuse practices in production and post-consumption stages.",high,5-10 years,IV.1,"[""V.2""]",low,2,[],outcome,,Food waste falls across production and consumption.,,expert_reviewed
ipcc_0031,ipcc,Enhanced product service levels per product (e.g. product sharing),mitigation,"Promotes more intensive use of durable products by encouraging product sharing, which reduces the demand for new products and the associated GHG emissions from their manufacturing and supply chain.",high,5-10 years,IV.1,"[""IV.1""]",low,2,"[""stakeholder_engagement"", ""mobility""]",outcome,,Durable products are used more intensively through sharing.,,expert_reviewed
ipcc_0033,ipcc,Improve product maintenance to extend lifespan,mitigation,Extending the lifespan of buildings and infrastructure by maintaining their structural integrity through improved product stock maintenance. This involves ensuring concrete structures remain functional for over 200 years.,high,5-10 years,IV.1,"[""IV.1""]",medium,3,"[""air_quality""]",outcome,,Buildings and infrastructure remain structurally sound for longer.,,expert_reviewed
ipcc_0034,ipcc,Promote consumer behavior focused on sufficiency and reduced consumption,mitigation,"Promotes behavioral and consumption changes to reduce overall industrial emissions, emphasizing reduced demand for products, reuse and recycling, and more efficient use of resources.",high,5-10 years,IV.1,"[""V.2""]",medium,3,[],intervention,program,Consumption patterns shift toward sufficiency.,The city promotes behavioural and consumption change toward sufficiency.,expert_reviewed
ipcc_0037,ipcc,Adopt net-zero-emissions materials and supply chains,mitigation,"Transition to net-zero embodied carbon in construction by substituting emissions-intensive materials (e.g., steel, concrete) with engineered timber systems (including mass timber for mid-rise buildings) and by integrating circular practices (reuse, recycling, design for disassembly). Prioritize certified sustainable forestry (e.g., FSC/PEFC), cascading use, and no-deforestation safeguards, ensuring timber use does not conflict with energy feedstocks. Use lifecycle assessment to guide material choices and supply-chain improvements.",high,>10 years,IV.2,"[""IV.2""]",medium,3,"[""air_quality""]",outcome,,Construction shifts to net-zero embodied-carbon materials and supply chains.,,expert_reviewed
ipcc_0038,ipcc,Stimulate solar energy production in industrial facilities,mitigation,Encourage the installation of solar energy systems in factories to reduce dependence on fossil fuels and minimize associated emissions.,high,5-10 years,IV.2,"[""IV.2""]",low,2,"[""air_quality""]",intervention,infrastructure,Industrial facilities generate more of their energy from on-site solar.,The city encourages solar installations in industrial facilities.,expert_reviewed
ipcc_0039,ipcc,Promote the substitution of traditional materials with sustainable alternatives,mitigation,"Stimulate the replacement of conventional materials in consumer goods with alternatives from Brazil's bioeconomy, such as sugarcane-based bioplastics, high-quality recycled polymers, bio-textiles made from biomass fibers or agricultural waste such as açaí seeds and coconut husks.",high,>10 years,IV.2,"[""IV.2""]",medium,3,"[""air_quality""]",intervention,program,Conventional materials are replaced with sustainable bioeconomy alternatives.,The city promotes material substitution toward sustainable alternatives.,expert_reviewed
ipcc_0040,ipcc,Promote industry-government collaborations on emissions reduction,mitigation,Foster collaborations between industry and government to create policies and incentives for reducing industrial emissions and supporting sustainability goals.,medium,5-10 years,IV.1,"[""IV.1""]",medium,3,[],intervention,planning,Industrial emissions policy is co-developed with industry.,The city fosters industry-government collaboration on emissions reduction.,expert_reviewed
ipcc_0041,ipcc,Support research into carbon-neutral manufacturing technologies,mitigation,Invest in research and development of carbon-neutral technologies and encourage their adoption in industrial production.,medium,5-10 years,IV.1,"[""IV.1""]",low,2,[],intervention,program,Carbon-neutral manufacturing technologies are developed and adopted.,The city supports R&D into carbon-neutral manufacturing.,expert_reviewed
ipcc_0042,ipcc,Set carbon emissions reduction targets for industrial sectors,mitigation,Establish clear and achievable carbon emissions reduction goals for industries and require periodic reporting to ensure progress.,high,5-10 years,IV.1,"[""IV.1""]",medium,3,"[""stakeholder_engagement""]",intervention,regulatory,Industries operate under clear emissions-reduction targets.,The city sets carbon emissions reduction targets for industrial sectors.,expert_reviewed
ipcc_0043,ipcc,Encourage the Use of Zero-Emission Fuels in Industrial Processes,mitigation,"Promote the transition to zero-emission energy sources and feedstocks in industrial processes, such as green hydrogen, biogas from sustainable sources, and synthetic e-fuels or chemicals produced with renewable electricity. These alternatives significantly reduce or eliminate process emissions compared to fossil-based fuels.
Cities can accelerate this shift by implementing pilot and demonstration projects, establishing green procurement standards, streamlining permitting processes, and creating targeted incentives, all aligned with national and sectoral decarbonization roadmaps.",high,5-10 years,IV.1,"[""IV.1""]",medium,3,[],intervention,program,Industrial processes shift to zero-emission fuels.,The city encourages zero-emission fuel use in industry.,expert_reviewed
ipcc_0045,ipcc,Transition to renewable energy for industrial operations,mitigation,"Encourage the shift to renewable energy sources such as wind, solar, and hydroelectric power in industrial operations to reduce fossil fuel use.",medium,<5 years,IV.1,"[""IV.1""]",low,2,"[""stakeholder_engagement"", ""air_quality"", ""cost_of_living""]",outcome,,Industrial operations shift to renewable energy.,,expert_reviewed
ipcc_0049,ipcc,Develop and implement circular economy policies,mitigation,"Circular Economy (CE) policies aim to close the loop for materials and energy flows by reducing, reusing, and recycling resources. These policies promote durable goods, reuse and remanufacturing, industrial symbiosis, and urban symbiosis to minimize waste and reduce GHG emissions. CE policies operate at micro, meso, and macro levels to integrate strategies like eco-design, sustainable supply chains, and urban energy symbiosis.",medium,5-10 years,IV.1,"[""IV.1""]",medium,3,[],intervention,regulatory,"Material and energy flows close through reduce, reuse, and recycle strategies.",The city develops and implements circular economy policies.,expert_reviewed
ipcc_0050,ipcc,Create tax incentives for companies adopting clean technologies,mitigation,"Implement tax incentives and subsidies for companies that invest in clean technologies, leading to substantial emission reductions.",low,<5 years,IV.1,"[""IV.1""]",low,2,"[""cost_of_living""]",intervention,financial,Clean-technology adoption by companies accelerates.,The city creates tax incentives for clean-technology adoption.,expert_reviewed
ipcc_0052,ipcc,Reduce Deforestation and Degradation,mitigation,Reduce deforestation and forest degradation to conserve carbon sequestered in forest vegetation and soil by avoiding tree cover loss and disturbance. This involves improving forest governance and supporting community forest management. Enhance monitoring and enforcement to prevent illegal deforestation and promote sustainable land use.,medium,5-10 years,V.2,"[""V.2""]",high,4,"[""water_quality"", ""air_quality""]",outcome,,Tree cover loss and forest disturbance are avoided.,,expert_reviewed
ipcc_0053,ipcc,"Implement afforestation, reforestation, and forest ecosystem restoration",mitigation,"Advance tree-planting and forest recovery initiatives that strengthen biodiversity, ecosystem services, and carbon sequestration. Afforestation establishes new forests on historically non-forested land, reforestation restores deforested areas, and ecosystem restoration prioritizes native species and ecological integrity. Municipal governments should avoid monocultures, ensure projects deliver long-term benefits, and engage local communities so that restoration efforts provide social, cultural, and economic value alongside environmental gains.",high,5-10 years,V.2,"[""V.2""]",high,4,"[""habitat"", ""water_quality""]",intervention,infrastructure,Forest cover expands and degraded ecosystems are restored.,"The city implements afforestation, reforestation, and ecosystem restoration.",expert_reviewed
ipcc_0054,ipcc,Adopt sustainable forest management practices,mitigation,"Sustainable forest management of already managed forests will increase carbon stocks, improve wood quality, mitigate disturbances, and provide co-benefits like biodiversity conservation, water regulation, and soil protection. Practises include longer rotations, reduced harvesting, mixed stands, and climate-smart forestry, and working with Indigenous Peoples is essential to safeguard their work and practices. Cities can apply these principles if they are responsible for forest management, or partner with those responsible to encourage and support best practice.",high,5-10 years,V.2,"[""V.2""]",medium,3,"[""habitat"", ""water_quality""]",outcome,,Managed forests accumulate higher carbon stocks under sustainable management practices.,,expert_reviewed
ipcc_0055,ipcc,"Implement fire management in forests, grasslands, and savannas",mitigation,"Implement fire management practices, including prescribed burning and natural resource management, to reduce uncontrolled wildfires in forests and savannas. Focuses on safeguarding life, property, and resources while mitigating GHG emissions and maintaining carbon stocks. Cities can apply these principles if they are responsible for forest management, or partner with those responsible to encourage and support best practice. Work with Indigenous Peoples to safeguard or support their own burning practices and fire management approaches.",medium,5-10 years,V.2,"[""V.2""]",low,2,"[""air_quality""]",intervention,infrastructure,"Uncontrolled wildfires in forests, grasslands, and savannas are reduced.",The city implements or partners on fire-management practices.,expert_reviewed
ipcc_0056,ipcc,Reduce and prevent degradation and conversion of Grasslands and Savannas,mitigation,"Prevent the conversion of grasslands and savannas to croplands to conserve soil carbon and biodiversity, and implement sustainable soil management practices in croplands and grasslands to enhance soil organic carbon. Cities can promote sustainable grazing, reduced tillage, fire management, biochar application, improved grass varieties and vegetation management practices, while discouraging land-use change that accelerates degradation. Partnerships with local communities and alignment with regional conservation initiatives strengthen the protection of these ecosystems.These activities aim to increase soil organic matter, mitigate GHG emissions, and provide co-benefits for biodiversity, water provision, and food security.",medium,5-10 years,V.2,"[""V.2""]",low,2,[],outcome,,Grasslands and savannas are protected from conversion and managed for higher soil carbon.,,expert_reviewed
ipcc_0057,ipcc,Restore degraded peatlands and prevent further conversion or degradation.,mitigation,"Protect intact peatlands from clearing, drainage, and conversion that release large carbon emissions, and rewet and revegetate degraded peatlands to prevent further degradation. Municipal governments can enhance governance and monitoring, restrict agricultural expansion, and collaborate with regional and national programs for wetland conservation. Safeguarding these ecosystems preserves carbon storage, reduces fire risks, and protects biodiversity and ecosystem services. Peatland restoration maintains water regulation, flood prevention, and can foster sustainable livelihoods through paludiculture.",high,5-10 years,V.2,"[""V.2""]",medium,3,"[""habitat"", ""water_quality""]",outcome,,Peatlands are protected from drainage and degraded peatlands are rewetted.,,expert_reviewed
ipcc_0060,ipcc,Protect and Restore Coastal Wetlands,mitigation,"Restore degraded or damaged coastal ecosystems, including mangroves, salt marshes, and seagrass beds. Restoration includes passive (removal of degradation drivers) and active (environmental manipulation) approaches to reinstate ecosystem functions and carbon sequestration potential. This supports biodiversity conservation, fisheries production, soil stabilization, water quality regulation, flood prevention, and resilience against cyclones. Cities can either take on restoration activities themselves, require restoration as part of Urban Planning and land use regulations, or partner with government, ecological organisations and other partners to carry out restoration projects. Economic incentives or regulations on activities that degrade coastal wetlands may also be effective.",high,>10 years,V.2,"[""V.2""]",medium,3,"[""habitat"", ""water_quality""]",outcome,,"Coastal wetlands — mangroves, salt marshes, seagrass beds — are protected and restored.",,expert_reviewed
ipcc_0062,ipcc,Create partnerships to implement biochar plants.,mitigation,"Biochar is produced by heating organic matter (e.g., forestry residues, straw, manure) in oxygen-limited environments. It has significant mitigation potential through carbon dioxide removal (CDR), reduced greenhouse gas emissions, and soil application benefits like improved fertility and reduced N2O emissions. Cities can consider trialling and adopting these technologies, in collaboration with local rural producers, utility companies and other industrial stakeholders.",high,5-10 years,V.2,"[""V.2""]",low,2,[],intervention,program,Organic residues are converted to biochar for durable carbon storage and soil application.,The city partners on biochar plant trials and deployment.,expert_reviewed
ipcc_0064,ipcc,Reduce methane emissions from enteric fermentation in livestock,mitigation,"This action targets methane (CH4) emissions from enteric fermentation in livestock through direct interventions like feed additives, inhibitors, or vaccines, and indirect measures like improving production efficiency through better breeding and husbandry practices. It also includes early-life manipulation of the ruminal biome. Adopt or develop local standards for feed additives, vaccines, and inhibitors, and support rural producers to overcome barriers to costs, infrastructure and skills on this topic.",medium,5-10 years,V.1,"[""V.1""]",low,2,[],outcome,,Livestock enteric fermentation methane falls.,,expert_reviewed
ipcc_0067,ipcc,Improve manure management and crop nutrient practices,mitigation,"Promote collective and cost-effective approaches to reduce methane (CH₄) and nitrous oxide (N₂O) emissions from manure storage and use, and implementation of improved crop nutrient management practices to reduce N2O emissions from cropland soils. Municipal governments can support the development of cooperative biodigesters, composting initiatives, and improved storage facilities, while encouraging better fertilizer application, crop rotation and grazing practices. These measures enhance nutrient recovery for crop production, reduce fertilizer costs, and generate co-benefits such as renewable energy through biogas. By facilitating financing models, partnerships, and technical assistance, cities can help farmers adopt sustainable manure and nutrient management practices at scale. ",high,5-10 years,V.1,"[""V.1"",""V.2""]",low,2,"[""air_quality"", ""water_quality"", ""habitat""]",outcome,,Manure and cropland nutrient emissions fall.,,expert_reviewed
ipcc_0068,ipcc,Pilot Bioenergy with Carbon Capture in Partnership with Utilities/Industry.,mitigation,"Bioenergy involves producing energy from organic sources like biomass, organic waste, and harvest residues, displacing fossil fuels in heat, electricity, and fuel production. When combined with carbon capture and storage (BECCS), it stores biogenic carbon in geological or terrestrial reservoirs, achieving negative emissions. BECCS can also integrate with agriculture and forestry for co-benefits like land restoration and biogas production. Cities can consider piloting and trialling these technologies, in collaboration with local rural producers, utility companies and other industrial stakeholders.",high,>10 years,V.2,"[""V.2""]",high,4,"[""water_quality"", ""air_quality"", ""stakeholder_engagement""]",intervention,program,Bioenergy with carbon capture and storage pilots store biogenic carbon durably.,The city pilots BECCS in partnership with utilities and industry.,expert_reviewed
ipcc_0069,ipcc,Promote sustainable and healthy diets,mitigation,"Support the transition to dietary patterns that improve health and reduce environmental impacts. This usually focusses on reducing animal-based food consumption (especially ruminants) and promoting plant-based options, making the action implementable and socially equitable. Cities can act through public procurement policies in schools, hospitals, events, and other institutions, as well as awareness campaigns and promoting national food guidelines.",medium,5-10 years,V.1,"[""V.2""]",medium,3,"[""water_quality""]",intervention,program,Diets shift toward lower animal-based and higher plant-based food consumption.,The city promotes sustainable and healthy diets through procurement and awareness.,expert_reviewed
ipcc_0070,ipcc,Reduce food loss and waste,mitigation,"Food loss and waste can be reduced through measures across the food supply chain, including improved harvesting and post-harvesting technologies and behaviours. To achieve these changes, cities can consider implementing food waste policies like mandatory reporting, reduction targets, consumer awareness and education campaigns, infrastructure for food storage and transportation, policy frameworks for waste reduction, financial incentives and taxation, and positive marketing for imperfect food products.",medium,5-10 years,V.2,"[""V.2""]",low,2,"[""habitat"", ""water_quality"", ""cost_of_living""]",outcome,,Food loss and waste fall across the supply chain.,,expert_reviewed
ipcc_0071,ipcc,Increase sustainable use of wood products,mitigation,"Promote the use of certified sustainable wood (e.g., FSC, PEFC) as a substitute for more carbon-intensive and ecologically destructive materials like concrete or steel. Policies can include amending Building Regulations to include requirements on sustainable wood products, and urban procurement policies for municipal capital projects and spending that prioritize sustainable wood, recycling, and extending product lifetimes. Ensure policies include safeguards to avoid promoting unsustainable wood use.",medium,5-10 years,V.2,"[""V.2""]",medium,3,"[""habitat""]",outcome,,Certified sustainable wood substitutes for concrete and steel in construction.,,expert_reviewed
ipcc_0074,ipcc,Promote compact urban form through spatial planning,mitigation,"Integrated spatial planning promotes compact urban form to reduce GHG emissions by increasing urban efficiency, supporting sustainable infrastructure such as district heating/cooling networks, and enhancing green areas. Co-design processes improve public acceptance and institutional capacity to support coordinated mitigation strategies.",high,>10 years,I.2,"[""I.2.1"",""I.2.2""]",low,2,"[""habitat"", ""housing"", ""mobility"", ""air_quality""]",intervention,planning,Urban form becomes more compact through integrated spatial planning.,The city applies integrated spatial planning for compact urban form.,expert_reviewed
ipcc_0076,ipcc,Implement energy audits in industrial plants,mitigation,Conduct regular energy audits to identify opportunities for energy savings and reduction in emissions.,high,>10 years,IV.1,"[""IV.1""]",low,2,"[""water_quality"", ""air_quality"", ""stakeholder_engagement"", ""habitat""]",intervention,program,Industrial plants identify and act on energy-saving opportunities.,The city requires or supports regular energy audits in industrial plants.,expert_reviewed
ipcc_0105,ipcc,Promote active mobility through road space reallocation,mitigation,"Promotes walking and cycling by reallocating road space from cars to active and sustainable modes on a permanent basis. Measures include developing pedestrian pathways, protected cycling infrastructure, green corridors, and universal accessibility improvements. By prioritizing active mobility, cities enhance public health, equity, and resilience while reducing emissions from private vehicles.",medium,<5 years,II.1,"[""II.1.1""]",low,2,"[""mobility"", ""stakeholder_engagement"", ""air_quality""]",intervention,infrastructure,Road space is reallocated from cars to walking and cycling.,The city reallocates road space to pedestrian and cycling infrastructure.,expert_reviewed
