EVALUACIÓN DE VIABILIDAD MUNICIPAL — ACCIONES DE MITIGACIÓN CLIMÁTICA / SECTOR TRANSPORTE,,,,,
"CÓMO LEER: Puntaje Total (0–100) = Legal×40% + Gobernanza×30% + Financiamiento×30%  |  ≥75 = Viable  |  40–74 = Viable con condiciones  |  <40 = Baja viabilidad actual  |  Ver pestaña ""Evaluación"" para desglose por componente, sub-criterio y referencias normativas",,,,,
Código,Acción,Ámbito territorial,"Puntaje
Total
(0–100)",Justificación integrada — mecanismo jurídico principal y conclusión analítica,
c40_0023,Adoptar flotas de buses de cero emisiones para el transporte público,Comunas con servicio de transporte público concesionado,16.8,"Mecanismo: coordinación con MTT (Ley 18.696 art. 3° + DFL N°1/1996 MTT + DFL N°279/1960 Subtrans). La competencia sobre flotas de buses concesionados es exclusiva del MTT: fija las bases de licitación, las normas técnicas y los estándares de emisiones. El municipio no tiene potestad sobre estas flotas. Lo que sí puede hacer, con base en la Ley 18.695 art. 5° letra j) y art. 4° letra b), es electrificar su propia flota municipal (si la tiene) y participar en instancias de planificación convocadas por el MTT o el GORE: ambas son acciones accesorias, no la acción principal evaluada. La alineación con la LMCC y el Plan Sectorial de Transporte es plena en metas, pero la alineación política no transfiere competencia regulatoria. Baja viabilidad municipal para la acción principal.",
c40_0025,Promover flotas de carga de cero emisiones (camiones),Comunas con actividad logística significativa,15.3,"Mecanismo: no aplica — competencia nacional (MTT/Subtrans, Ley 18.696 + DS 158/1980). El municipio no tiene potestad para regular flotas privadas de carga ni exigir estándares de emisiones a terceros. Sus únicas facultades son de distinta naturaleza y alcance muy acotado: (i) como comprador público, puede incluir criterios de sustentabilidad en sus propias licitaciones de servicios de carga (Ley 19.886) — esto es una cláusula contractual, no regulación sectorial; (ii) como autoridad de tránsito local, puede establecer restricciones de circulación en vías determinadas (Ley 18.290 art. 165) — esto no equivale a regular emisiones de flotas. Las Zonas de Bajas Emisiones no tienen habilitación legal vigente en Chile. Baja viabilidad municipal para la acción principal.",
c40_0029,Electrificar las flotas de vehículos municipales,Todas las comunas,76.0,"Mecanismo: competencia directa sobre bienes municipales (Ley 18.695 art. 5° letra j° + Ley 19.886). El municipio administra su propia flota y puede decidir su electrificación sin autorización de otros niveles. La Ley 19.886 habilita la incorporación de criterios de sustentabilidad en licitaciones de adquisición. La Ley 21.305 art. 10° no obliga directamente a municipios (no integran la Administración del Estado en sentido estricto, art. 1° Ley 18.575); el DS N°1/2022 que la reglamenta amplió su alcance a corporaciones de derecho público con carácter voluntario, lo que incluye a los municipios como posibles adherentes, no como obligados. La viabilidad depende en gran medida de la capacidad técnica y presupuestaria: el impacto climático es acotado a la flota propia, con mayor relevancia relativa en comunas con transporte rural municipal. Barrera principal: financiera. CORFO y Ministerio de Energía tienen líneas accesibles.",
icare_0117,Mejorar sistemas de transporte público para promover el cambio modal,Comunas con sistema de transporte público local,31.8,"Mecanismo: acción principal fuera de competencia municipal — infraestructura complementaria habilitada (Ley 18.695 art. 4° letra b) + art. 5° letra j)). La mejora del servicio de transporte público concesionado (frecuencias, recorridos, estándares) es competencia exclusiva del MTT (Ley 18.696 + DFL 279/1960). El municipio no puede intervenir en la acción principal. Su margen se limita a infraestructura complementaria de su dominio (paraderos, señalética, ciclovías, vialidad local), que son acciones accesorias relevantes pero no equivalentes a mejorar el sistema de transporte. La alineación con la LMCC y el Plan Sectorial es política, no habilitante. Baja viabilidad para la acción principal; viabilidad moderada para las acciones accesorias de infraestructura.",
icare_0121,Incentivar programas de bicicletas compartidas en áreas urbanas,Comunas urbanas con densidad poblacional media-alta,86.5,"Mecanismo: tres habilitaciones independientes (Ley 18.695 art. 5° j) + art. 6° b) + Ley 18.290). El municipio tiene competencia directa para: (i) gestionar el espacio público donde se instala la infraestructura (art. 5° j) LOCM); (ii) otorgar concesión del servicio al operador privado mediante licitación pública (art. 6° b) LOCM + Ley 19.886); y (iii) complementar la regulación del tránsito ciclista mediante ordenanzas locales (Ley 18.290 art. 165). Estas tres habilitaciones se complementan y son suficientes para la implementación. La efectividad metropolitana requiere coordinación con el GORE (DFL 1/2005 art. 68 letra e) para interoperabilidad entre comunas, pero esa coordinación no es condición jurídica para actuar a escala comunal. Precedente sólido: BikeSantiago, Providencia, Las Condes, Temuco.",
icare_0139,Implementar tarifas de congestión y restricciones a vehículos contaminantes,Comunas urbanas con alta congestión vehicular,4.0,"Mecanismo: sin habilitación legal municipal — tres instrumentos, ninguno municipal. Esta acción agrupa tres regímenes jurídicos distintos: (i) tarifas de congestión = régimen concesional de competencia del MOP (DFL 850/1997 + Ley 19.460), sin habilitación municipal; (ii) restricción vehicular por dígito = medida de gestión ambiental del MTT en el marco del PPDA (D.S. N°20/2013 MMA, arts. 43 a 50 Ley 19.300) — antiguos regímenes como el D.S. 63/1994 MINSEGPRES han sido reemplazados por el PPDA vigente; sin potestad municipal; (iii) impuesto verde = tributo nacional SII/MMA (art. 8° ter Ley 19.300), fuera del margen tributario municipal (Ley 17.235 + Ley 18.695 art. 5° letra b)). Conforme al principio de juridicidad (Ley 18.575 art. 2°), la ausencia de habilitación expresa equivale a ausencia de competencia. El municipio sí puede implementar medidas de tráfico calmado (Ley 18.290 art. 165), pero son un instrumento independiente, no equivalente a ninguno de los tres anteriores. Baja viabilidad actual. Requiere cambio legal sustantivo.",
ipcc_0001,Promover desarrollo urbano compacto y orientado al transporte público,Comunas urbanas con instrumentos de planificación territorial vigentes,53.5,"Mecanismo: iniciativa técnica municipal sin potestad decisoria final (LGUC DFL 458/1975 art. 43 + Ley 18.695 art. 5° letra k) + DFL 1/2005). El municipio elabora el PRC a través de su SECPLA y Asesor Urbanista (LGUC art. 49), pero la aprobación no es autónoma: (i) SEREMI MINVU emite informe técnico vinculante; (ii) el Consejo Regional debe pronunciarse (DFL 1/2005 art. 36 letra c)); (iii) el PRC debe ser coherente con el Plan Intercomunal/Metropolitano (DFL 1/2005 art. 20 letra f)) y con el PROT (art. 17 letra a)); (iv) el DFL 1/2005 art. 16 letra o) vincula la planificación territorial con la gestión del cambio climático regional. La Ley 21.074 amplió las competencias del GORE en esta materia. La LGUC art. 28 sexies fija un horizonte de 10 años para la vigencia de los PRC; el estudio CChC 2024 (marzo 2025) registra una antigüedad promedio de 23 años, con 212 PRC desactualizados y 77 comunas sin PRC — evidencia de la brecha entre norma y práctica. Viable con condiciones: instrumento adecuado, proceso largo y multiactor.",