program_id,program_name,funder,program_gpc_sector,program_climate_relevance,action_id,action_name,action_gpc_ref,mapping_confidence,rationale
mop_apr_ssr,Agua Potable Rural / SSR — inversión,MOP/DOH,water,explicit,,,,none,Rural drinking-water & sanitation is an adaptation/water-security program; the action list is mitigation-only and has no water-supply/security action.
mop_apr_conservacion,Conservación de sistemas APR,MOP/DOH,water,explicit,,,,none,Maintenance of rural water systems; same gap — no water-security action in a mitigation-only list.
mop_saneamiento_rural,Saneamiento rural,MOP/DOH,waste,explicit,,,,none,"Rural sanitation; closest is wastewater biogas (icare_0031) but that is treatment-plant methane capture, not rural sanitation provision. No fit."
mop_dga_cuencas,Gestión de cuencas (Leyes 20.998/21.435),MOP/DGA,water,explicit,,,,none,"Water-rights/basin governance and water-research fund; statutory adaptation, no matching action."
mop_pibv,Infraestructura para el Buen Vivir,MOP/DGOP,cross_sector,climate-adjacent,,,,none,"Broad multi-sector rural infrastructure (roads, sanitation, rural buildings); maps only at project grain, not as a program."
mop_fondo_infra,Fondo de Infraestructura para el Desarrollo,MOP/DGOP,cross_sector,climate-adjacent,,,,none,Cross-sector development-infrastructure transfer fund; too broad to map at program grain.
mop_concesiones_app,Plan APP / Concesiones 2022-2026,MOP/DGC,cross_sector,climate-adjacent,,,,none,"Cross-sector PPP financing instrument (roads, hospitals, energy works); a finance vehicle, not an intervention."
mop_arquitectura,Dir. de Arquitectura — Iniciativas de Inversión,MOP/DA,buildings,indirect,c40_0017,Retrofit municipal buildings for energy efficiency,"{'I.2.1','I.2.2'}",medium,Public-building investment (Subt 31) can finance energy-efficient municipal buildings; medium for municipal-building retrofit.
mop_arquitectura,Dir. de Arquitectura — Iniciativas de Inversión,MOP/DA,buildings,indirect,c40_0012,Introduce energy-efficiency standards for new institutional buildings,"{'I.2.1','I.2.2'}",low,"Could fund energy-efficient new institutional buildings (schools/hospitals); low, conditional on scope."
