,Territory_code,Policy name,Type of Policy,Governance,Scale,Scale level_code,Region_code,Communal_Code,Sector_code,link
,1_00_00,Estrategia Climática de Largo Plazo,Climate Change Instruments,Ministerio del Medio Ambiente,National,1,_00,_00,,https://cambioclimatico.mma.gob.cl/wp-content/uploads/2021/11/ECLP-LIVIANO.pdf
,1_00_00,Plan de Mitigación Sector Energía,Climate Change Instruments,Ministerio de Energía,National,1,_00,_00,,https://energia.gob.cl/sites/default/files/documentos/proyecto_definitivo_plan_sectorial_energia_13_dic.pdf
,1_00_00,Plan de Mitigación Sector Ciudades,Climate Change Instruments,Ministerio de Vivienda y Urbanismo,National,1,_00,_00,,https://www.minvu.gob.cl/wp-content/uploads/2025/11/3694-3970-Proyecto-definitivo-APROBADO-por-el-CMSyCC-actualmente-en-Toma-de-Razon.pdf
,1_00_00,Plan de Mitigación Sector Infraestructura,Climate Change Instruments,Ministerio de Obras Públicas,National,1,_00,_00,,https://cambioclimatico.mop.gob.cl/archivos/sites/2/2025/05/Plan-de-Cambio-Climatico-Sector-Infraestructura-2025_web.pdf
,1_00_00,Plan de Mitigación Sector Minería,Climate Change Instruments,Ministerio de Mineria,National,1,_00,_00,,https://minmineria.sharepoint.com/Shared%20Documents/Forms/AllItems.aspx?id=%2FShared%20Documents%2FParticipaci%C3%B3n%20Ciudadana%2FCambio%20Clim%C3%A1tico%2FAnteproyecto%2FAnteproyecto%20PSCC%20Miner%C3%ADa%20%2D%20Final%2D2%2Epdf&parent=%2FShared%20Documents%2FParticipaci%C3%B3n%20Ciudadana%2FCambio%20Clim%C3%A1tico%2FAnteproyecto&p=true&ga=1
,1_00_00,Plan de Mitigación Sector Transporte,Climate Change Instruments,Ministerio de Transportes y Telecomunicaciones,National,1,_00,_00,,https://movilidadactiva.sectra.gob.cl/wp-content/uploads/2025/02/Plan-SMACC_FINAL-2025_BP.pdf
,1_00_00,Plan de Mitigación Sector Agricultura,Climate Change Instruments,Ministerio de Agricultura,National,1,_00,_00,,https://bibliotecadigital.odepa.gob.cl/bitstream/handle/20.500.12650/74030/PlanSectorialdeMitigacionalCambioClimatico-ago24.pdf
,1_00_00,Plan de Mitigación Sector Salud,Climate Change Instruments,Ministerio de Salud,National,1,_00,_00,,https://degreyd.minsal.cl/wp-content/uploads/2024/11/51_Ord_3102_15_NOV_24_Env%C3%ADa_ProyectoDefinitivo_PSM-MINSAL.pdf
,1_00_00,National Determined Contributions,Climate Change Instruments ,Ministerio del Medio Ambiente,National,1,_00,_00,,https://cambioclimatico.mma.gob.cl/contribucion-determinada-ndc/descripcion-del-instrumento/
,1_00_00,Política Nacional de Ordenamiento Territorial,Territorial planning instruments,MINVU,National,1,_00,_00,,https://www.siet-chile.cl/wp-content/uploads/2025/09/PNOT_2024_Final-ALTA-comprimido.pdf
,1_00_00,Política Nacional de Desarrollo Urbano,Territorial planning instruments,Interministerial,National,1,_00,_00,,https://www.siet-chile.cl/wp-content/uploads/2025/07/Politica_Nacional_de_Desarrollo_Urbano-1.pdf
,1_00_00,Política Nacional de Desarrollo Rural ,Territorial planning instruments,Interministerial,National,1,_00,_00,,https://www.siet-chile.cl/wp-content/uploads/2025/07/Politica-Nacional-de-Desarrollo-Rural.pdf
,2_06_00,Plan de Acción Regional de Cambio Climático Ohiggins,Climate Change Instruments,GORE,Regional,2,_06,_00,,https://www.minvu.gob.cl/wp-content/uploads/2025/11/501-602-PARCC_OHiggins.pdf
,2_14_00,Plan de Acción Regional de Cambio Climático Los Rios,Climate Change Instruments,GORE,Regional,2,_14,_00,,https://www.minvu.gob.cl/wp-content/uploads/2025/11/603-760-PARCC_los_rios.pdf
,2_03_00,Plan de Acción Regional de Cambio Climático Atacama,Climate Change Instruments,GORE,Regional,2,_03,_00,,https://www.minvu.gob.cl/wp-content/uploads/2025/11/389-500-PARCCC_Atacama.pdf
,2_08_00,Plan de Acción Regional de Cambio Climático Bio-Bio,Climate Change Instruments,GORE,Regional,2,_08,_00,,https://gorebiobio.cl/wp-content/uploads/2025/06/PARCC_v-final.pdf
,2_16_00,Plan de Acción Regional de Cambio Climático Ñuble,Climate Change Instruments,GORE,Regional,2,_16,_00,,https://consultasciudadanas.mma.gob.cl/storage/consultation/3AK1UecXTb6iVGBVxBa9ITF9b7z41uBpoyf04vkr.pdf
,2_01_00,Plan de Acción Regional de Cambio Climático Tarapaca,Climate Change Instruments,GORE,Regional,2,_01,_00,,https://www.goretarapaca.gov.cl/plan-regional-cambio-climatico/#flipbook-df_34392/1/
,2_12_00,Plan de Acción Regional de Cambio Climático Magallanes,Climate Change Instruments,GORE,Regional,2,_12,_00,,https://www.goremagallanes.cl/wp-content/uploads/2024/04/Producto-1-Contexto-Regional-PARCC-Magallanes.pdf
,2_15_00,Plan de Acción Regional de Cambio Climático Arica,Climate Change Instruments,GORE,Regional,2,_15,_00,,https://gorearicayparinacota.gov.cl/images/PARCC/Propuesta_ANTEPARCC_AyP.pdf
,2_09_00,Plan de Acción Regional de Cambio Climático La Araucanía,Climate Change Instruments,GORE,Regional,2,_09,_00,,https://drive.google.com/file/d/1_Tt38WOqaWtxcunKAxL2tk25MqpoIr4-/view
,2_02_00,Plan de Acción Regional de Cambio Climático Antofagasta,Climate Change Instruments,GORE,Regional,2,_02,_00,,https://www.fomentoantofagasta.gob.cl/wp-content/uploads/2025/04/20241216_Proyecto-Final_PARCC_Antofagasta-imagen-borrosa.pdf
,2_04_00,Plan de Acción Regional de Cambio Climático Coquimbo,Climate Change Instruments,GORE,Regional,2,_04,_00,,https://www.gorecoquimbo.cl/PARCC/49.-PARCC_REV_FINAL_2025.pdf
,2_05_00,Plan de Acción Regional de Cambio Climático Valparaiso,Climate Change Instruments,GORE,Regional,2,_05,_00,,In process
,2_13_00,Plan de Acción Regional de Cambio Climático Región Metropólitana,Climate Change Instruments,GORE,Regional,2,_13,_00,,https://cambioclimatico.mma.gob.cl/wp-content/uploads/2025/07/PARCC-RM.pdf
,2_07_00,Plan de Acción Regional de Cambio Climático Maule,Climate Change Instruments,GORE,Regional,2,_07,_00,,https://www.goremaule.cl/goremauleVII/wp-content/uploads/2025/01/ANTEPROYECTO-PLAN-DE-ACCION-REGIONAL-DE-CAMBIO-CLIMATICO-PARCC-DE-LA-REGION-DEL-MAULE.pdf
,2_10_00,Plan de Acción Regional de Cambio Climático Los Lagos,Climate Change Instruments,GORE,Regional,2,_10,_00,,https://consultasciudadanas.mma.gob.cl/storage/consultation/CZIt6WLUxyz713JsBiEwTLQvbmaD7AqH716n7C3B.pdf
,2_11_00,Plan de Acción Regional de Cambio Climático Aysen,Climate Change Instruments,GORE,Regional,2,_11,_00,,https://www.goreaysen.cl/wp-content/uploads/2025/05/56_PARCC_AYSEN.pdf
,2_00_00,Plan Regional de Ordenamiento Territorial,Territorial planning instruments,GORE,Regional,2,_00,_00,,*1 per Region
,2_00_00,Plan Regional de Desarrollo Urbano,Territorial planning instruments,GORE,Regional,2,_00,_00,,*1 per Region
,2_01_01,Plan Regional de Desarrollo Rural,Territorial planning instruments,GORE,Regional,2,_01,_01,,*1 per Region
,2_00_00,Estrategia de Desarrollo Regional,Territorial planning instruments,GORE,Regional,2,_00,_00,,*1 per Region
,3_03_03304,Programa para la recuperación Ambiental y Social - Huasco,Envirnomental Policy,Ministerio del Medio Ambiente,Communal,3,_03,_03304,,https://pras.mma.gob.cl/wp-content/uploads/2019/11/PRAS-Huasco.pdf
,3_05_05108,Programa para la recuperación Ambiental y Social - Quinteros-Puchuncavi,Envirnomental Policy,Ministerio del Medio Ambiente,Communal,3,_05,_05108,,https://pras.mma.gob.cl/wp-content/uploads/2019/11/PRAS-Quintero-Puchuncavi.pdf
,3_05_05107,Programa para la recuperación Ambiental y Social - Quinteros-Puchuncavi,Envirnomental Policy,Ministerio del Medio Ambiente,Communal,3,_05,_05107,,https://pras.mma.gob.cl/wp-content/uploads/2019/11/PRAS-Quintero-Puchuncavi.pdf
,3_06_08102,Programa para la recuperación Ambiental y Social - Coronel,Envirnomental Policy,Ministerio del Medio Ambiente,Communal,3,_06,_08102,,https://pras.mma.gob.cl/wp-content/uploads/2019/11/PRAS-Coronel.pdf
,3_00_00,Plan Regulador Comunal,Territorial planning instruments,Municipality,Communal,3,_00,_00,,*1 per Communa
,3_01_01,Plan de Desarrollo comunal,Territorial planning instruments,Municipality,Communal,3,_01,_01,,*1 per Communa
,3_00_00,Plan Comunal para la Reducción del Riesgo de Desastres,Territorial planning instruments,Municipality,Communal,3,_00,_00,,*1 per Communa
,3_00_00,Plan Comunal de Emergencia,Territorial planning instruments,Municipality,Communal,3,_00,_00,,*1 per Communa
,4_00_00,Plan Regulador Intercomunal,Territorial planning instruments,Municipality,Inter-communal,4,_00,_00,,https://portalipt.minvu.cl/
,4_00_00,Plan Regulador Metropolitano de Concepción,Territorial planning instruments,Municipality,Inter-communal,4,_00,_00,,https://gorebiobio.cl/plan-regulador-metropolitano-concepcion-prmc/
