region,comuna,region_nombre,comuna_nombre,attribute_type,attribute_value,attribute_units,attribute_category
14,14101,Los Ríos,Valdivia,beach_dune_share,0.3,percent,low
14,14101,Los Ríos,Valdivia,grassland_share,0.0,percent,very low
14,14101,Los Ríos,Valdivia,pasture_share,12.9,percent,low
14,14101,Los Ríos,Valdivia,primary_forest_share,25.2,percent,medium
14,14101,Los Ríos,Valdivia,secondary_forest_share,16.6,percent,medium
14,14101,Los Ríos,Valdivia,shrubland_share,4.5,percent,low
14,14101,Los Ríos,Valdivia,silviculture_share,34.8,percent,high
14,14101,Los Ríos,Valdivia,urban_built_share,2.4,percent,medium
14,14101,Los Ríos,Valdivia,water_share,0.7,percent,very low
14,14101,Los Ríos,Valdivia,wetland_share,2.5,percent,medium
14,14102,Los Ríos,Corral,beach_dune_share,0.1,percent,low
14,14102,Los Ríos,Corral,grassland_share,0.0,percent,very low
14,14102,Los Ríos,Corral,pasture_share,2.6,percent,very low
14,14102,Los Ríos,Corral,primary_forest_share,31.3,percent,medium
14,14102,Los Ríos,Corral,secondary_forest_share,36.4,percent,high
14,14102,Los Ríos,Corral,shrubland_share,3.1,percent,low
14,14102,Los Ríos,Corral,silviculture_share,25.2,percent,high
14,14102,Los Ríos,Corral,urban_built_share,0.1,percent,very low
14,14102,Los Ríos,Corral,water_share,0.3,percent,very low
14,14102,Los Ríos,Corral,wetland_share,0.7,percent,low
14,14103,Los Ríos,Lanco,beach_dune_share,0.0,percent,very low
14,14103,Los Ríos,Lanco,grassland_share,0.0,percent,very low
14,14103,Los Ríos,Lanco,pasture_share,31.7,percent,medium
14,14103,Los Ríos,Lanco,primary_forest_share,18.1,percent,medium
14,14103,Los Ríos,Lanco,secondary_forest_share,15.1,percent,medium
14,14103,Los Ríos,Lanco,shrubland_share,2.4,percent,low
14,14103,Los Ríos,Lanco,silviculture_share,31.5,percent,high
14,14103,Los Ríos,Lanco,urban_built_share,0.8,percent,low
14,14103,Los Ríos,Lanco,water_share,0.0,percent,very low
14,14103,Los Ríos,Lanco,wetland_share,0.2,percent,very low
14,14104,Los Ríos,Los Lagos,beach_dune_share,0.0,percent,very low
14,14104,Los Ríos,Los Lagos,grassland_share,0.1,percent,very low
14,14104,Los Ríos,Los Lagos,ice_snow_share,0.5,percent,medium
14,14104,Los Ríos,Los Lagos,other_bare_share,0.3,percent,very low
14,14104,Los Ríos,Los Lagos,pasture_share,26.8,percent,medium
14,14104,Los Ríos,Los Lagos,primary_forest_share,27.5,percent,medium
14,14104,Los Ríos,Los Lagos,secondary_forest_share,16.7,percent,medium
14,14104,Los Ríos,Los Lagos,shrubland_share,1.9,percent,very low
14,14104,Los Ríos,Los Lagos,silviculture_share,21.9,percent,medium
14,14104,Los Ríos,Los Lagos,urban_built_share,0.6,percent,low
14,14104,Los Ríos,Los Lagos,water_share,3.7,percent,medium
14,14104,Los Ríos,Los Lagos,wetland_share,0.1,percent,very low
14,14105,Los Ríos,Máfil,beach_dune_share,0.1,percent,very low
14,14105,Los Ríos,Máfil,grassland_share,0.0,percent,very low
14,14105,Los Ríos,Máfil,pasture_share,36.2,percent,high
14,14105,Los Ríos,Máfil,primary_forest_share,11.1,percent,low
14,14105,Los Ríos,Máfil,secondary_forest_share,14.5,percent,low
14,14105,Los Ríos,Máfil,shrubland_share,3.3,percent,low
14,14105,Los Ríos,Máfil,silviculture_share,33.7,percent,high
14,14105,Los Ríos,Máfil,urban_built_share,0.6,percent,low
14,14105,Los Ríos,Máfil,water_share,0.3,percent,very low
14,14105,Los Ríos,Máfil,wetland_share,0.3,percent,very low
14,14106,Los Ríos,Mariquina,beach_dune_share,0.2,percent,low
14,14106,Los Ríos,Mariquina,grassland_share,0.0,percent,very low
14,14106,Los Ríos,Mariquina,pasture_share,22.2,percent,medium
14,14106,Los Ríos,Mariquina,primary_forest_share,20.8,percent,medium
14,14106,Los Ríos,Mariquina,secondary_forest_share,14.8,percent,low
14,14106,Los Ríos,Mariquina,shrubland_share,3.6,percent,low
14,14106,Los Ríos,Mariquina,silviculture_share,36.8,percent,high
14,14106,Los Ríos,Mariquina,urban_built_share,0.6,percent,low
14,14106,Los Ríos,Mariquina,water_share,0.2,percent,very low
14,14106,Los Ríos,Mariquina,wetland_share,0.8,percent,low
14,14107,Los Ríos,Paillaco,beach_dune_share,0.0,percent,very low
14,14107,Los Ríos,Paillaco,grassland_share,0.0,percent,very low
14,14107,Los Ríos,Paillaco,pasture_share,52.2,percent,very high
14,14107,Los Ríos,Paillaco,primary_forest_share,9.3,percent,low
14,14107,Los Ríos,Paillaco,secondary_forest_share,11.1,percent,low
14,14107,Los Ríos,Paillaco,shrubland_share,2.2,percent,low
14,14107,Los Ríos,Paillaco,silviculture_share,24.3,percent,medium
14,14107,Los Ríos,Paillaco,urban_built_share,0.6,percent,low
14,14107,Los Ríos,Paillaco,water_share,0.0,percent,very low
14,14107,Los Ríos,Paillaco,wetland_share,0.1,percent,very low
14,14108,Los Ríos,Panguipulli,beach_dune_share,0.0,percent,very low
14,14108,Los Ríos,Panguipulli,cropland_share,0.0,percent,very low
14,14108,Los Ríos,Panguipulli,grassland_share,0.3,percent,very low
14,14108,Los Ríos,Panguipulli,ice_snow_share,2.3,percent,high
14,14108,Los Ríos,Panguipulli,other_bare_share,1.7,percent,very low
14,14108,Los Ríos,Panguipulli,pasture_share,14.1,percent,low
14,14108,Los Ríos,Panguipulli,primary_forest_share,42.1,percent,high
14,14108,Los Ríos,Panguipulli,secondary_forest_share,27.0,percent,medium
14,14108,Los Ríos,Panguipulli,shrubland_share,0.9,percent,very low
14,14108,Los Ríos,Panguipulli,silviculture_share,2.3,percent,low
14,14108,Los Ríos,Panguipulli,urban_built_share,0.5,percent,very low
14,14108,Los Ríos,Panguipulli,water_share,8.5,percent,high
14,14108,Los Ríos,Panguipulli,wetland_share,0.3,percent,very low
14,14201,Los Ríos,La Unión,beach_dune_share,0.1,percent,low
14,14201,Los Ríos,La Unión,grassland_share,0.0,percent,very low
14,14201,Los Ríos,La Unión,pasture_share,26.8,percent,medium
14,14201,Los Ríos,La Unión,primary_forest_share,25.2,percent,medium
14,14201,Los Ríos,La Unión,secondary_forest_share,18.6,percent,medium
14,14201,Los Ríos,La Unión,shrubland_share,2.4,percent,low
14,14201,Los Ríos,La Unión,silviculture_share,24.3,percent,medium
14,14201,Los Ríos,La Unión,urban_built_share,0.4,percent,very low
14,14201,Los Ríos,La Unión,water_share,1.7,percent,low
14,14201,Los Ríos,La Unión,wetland_share,0.3,percent,very low
14,14202,Los Ríos,Futrono,beach_dune_share,0.0,percent,very low
14,14202,Los Ríos,Futrono,grassland_share,0.2,percent,very low
14,14202,Los Ríos,Futrono,ice_snow_share,1.5,percent,medium
14,14202,Los Ríos,Futrono,other_bare_share,1.9,percent,very low
14,14202,Los Ríos,Futrono,pasture_share,12.8,percent,low
14,14202,Los Ríos,Futrono,primary_forest_share,49.2,percent,high
14,14202,Los Ríos,Futrono,secondary_forest_share,23.3,percent,medium
14,14202,Los Ríos,Futrono,shrubland_share,0.6,percent,very low
14,14202,Los Ríos,Futrono,silviculture_share,1.9,percent,very low
14,14202,Los Ríos,Futrono,urban_built_share,0.1,percent,very low
14,14202,Los Ríos,Futrono,water_share,8.3,percent,high
14,14202,Los Ríos,Futrono,wetland_share,0.1,percent,very low
14,14203,Los Ríos,Lago Ranco,beach_dune_share,0.0,percent,very low
14,14203,Los Ríos,Lago Ranco,grassland_share,0.7,percent,very low
14,14203,Los Ríos,Lago Ranco,ice_snow_share,1.5,percent,medium
14,14203,Los Ríos,Lago Ranco,other_bare_share,9.5,percent,low
14,14203,Los Ríos,Lago Ranco,pasture_share,11.1,percent,low
14,14203,Los Ríos,Lago Ranco,primary_forest_share,39.3,percent,high
14,14203,Los Ríos,Lago Ranco,secondary_forest_share,18.8,percent,medium
14,14203,Los Ríos,Lago Ranco,shrubland_share,0.9,percent,very low
14,14203,Los Ríos,Lago Ranco,silviculture_share,0.6,percent,very low
14,14203,Los Ríos,Lago Ranco,urban_built_share,0.1,percent,very low
14,14203,Los Ríos,Lago Ranco,water_share,17.4,percent,very high
14,14203,Los Ríos,Lago Ranco,wetland_share,0.1,percent,very low
14,14204,Los Ríos,Río Bueno,beach_dune_share,0.0,percent,very low
14,14204,Los Ríos,Río Bueno,grassland_share,0.4,percent,very low
14,14204,Los Ríos,Río Bueno,ice_snow_share,1.5,percent,medium
14,14204,Los Ríos,Río Bueno,other_bare_share,5.1,percent,low
14,14204,Los Ríos,Río Bueno,pasture_share,51.7,percent,very high
14,14204,Los Ríos,Río Bueno,primary_forest_share,20.8,percent,medium
14,14204,Los Ríos,Río Bueno,secondary_forest_share,14.2,percent,low
14,14204,Los Ríos,Río Bueno,shrubland_share,1.2,percent,very low
14,14204,Los Ríos,Río Bueno,silviculture_share,1.6,percent,very low
14,14204,Los Ríos,Río Bueno,urban_built_share,0.3,percent,very low
14,14204,Los Ríos,Río Bueno,water_share,3.0,percent,low
14,14204,Los Ríos,Río Bueno,wetland_share,0.1,percent,very low
