action_id,action_name,action_type,hazard_name,sector_names,subsector_names,primary_purpose,description,cobenefits_airquality,cobenefits_waterquality,cobenefits_habitat,cobenefits_costofliving,cobenefits_housing,cobenefits_mobility,cobenefits_stakeholderengagement,equity_and_inclusion_considerations,ghgreduction_stationary_energy,ghgreduction_transportation,ghgreduction_waste,ghgreduction_ippu,ghgreduction_afolu,adaptation_effectiveness,cost_investment_needed,timeline_for_implementation,dependencies,key_performance_indicators,powers_and_mandates,adaptation_effectiveness_droughts,adaptation_effectiveness_heatwaves,adaptation_effectiveness_floods,adaptation_effectiveness_sealevelrise,adaptation_effectiveness_landslides,adaptation_effectiveness_storms,adaptation_effectiveness_wildfires,adaptation_effectiveness_diseases,biome
icare_0001,Mejorar la recuperación de calor y energía,{mitigation},,{ippu},{industrial_processes},{},"Mejora de la eficiencia energética en los procesos industriales mediante la recuperación de calor y energía de corrientes de desecho, el mejor acoplamiento de procesos y la adopción de tecnologías avanzadas como el enfriamiento seco de coque, la gasificación de licor negro y las turbinas de recuperación de presión superior. Incluye la reducción del uso de energía en la conminución, el secado de papel y otros procesos industriales a través de diseños optimizados, mejoras operativas y estrategias de eficiencia en el uso de materiales.",2,1,1,1,0,0,2,,,,,20-39,,,high,>10 years,Disponibilidad de financiación o subsidios para apoyar la instalación de energía solar en las industrias.\nExperiencia técnica y capacidad para la instalación de paneles solares y sistemas relacionados.\nMarcos regulatorios que faciliten la integración de la energía solar en las operaciones industriales.,Emisiones totales de gases de efecto invernadero evitadas mediante la adopción de energía solar en industrias (toneladas de CO₂/año).\nPeriodo promedio de retorno de la inversión (ROI) para instalaciones solares industriales (años).\nPorcentaje de las necesidades energéticas industriales cubiertas por sistemas de energía solar (%).,['local'],,,,,,,,,
icare_0002,Promover y ampliar el uso del Programa Brasileño de Etiquetado Energético para Edificios,{mitigation},,{stationary_energy},{residential_buildings},{},"La ciudad fomentará la adopción y aplicación del Programa Brasileño de Etiquetado Energético para Edificios con el fin de mejorar la eficiencia energética y reducir las emisiones del sector de la construcción. El programa evalúa y certifica los edificios según su desempeño energético, abarcando aspectos como la eficiencia térmica, la iluminación y los sistemas HVAC. Las acciones pueden incluir incentivar a desarrolladores y propietarios a buscar la certificación, integrar criterios de desempeño energético en los códigos de edificación municipales y aumentar la concienciación pública sobre los beneficios de la construcción y renovación energéticamente eficiente.",0,0,0,0,0,0,2,,20-39,,,,,,low,<5 years,Establecer normas y regulaciones claras para el etiquetado de eficiencia energética.\nLanzar campañas de concienciación pública y ofrecer incentivos para que los edificios obtengan etiquetas.\nOfrecer capacitación a los administradores de edificios para mejorar el rendimiento energético y la adopción de etiquetas.,Porcentaje de nuevos edificios con una calificación A en la etiqueta de eficiencia energética.\nReducción estimada de emisiones (tCO₂e/año) debido a la eficiencia energética de los edificios etiquetados.,['national'],,,,,,,,,
icare_0006,Desarrollar una planificación integrada de energías renovables y microredes solares con baterías para zonas rurales y periurbanas,{mitigation},,{stationary_energy},{energy_generation_supplied_to_the_grid},{},"La ciudad promoverá la planificación energética regional integrada para garantizar que la expansión eléctrica en áreas rurales y periurbanas sea rentable, de bajas emisiones y equitativa. Este enfoque combina la generación de energía renovable (por ejemplo, energía solar fotovoltaica y eólica) con almacenamiento en baterías y sistemas de microrredes para ampliar el acceso confiable a la electricidad donde la expansión tradicional de la red no es viable o resulta ineficiente. Los municipios pueden asociarse con empresas de servicios públicos de energía, cooperativas rurales y jurisdicciones vecinas para identificar ubicaciones óptimas para microrredes solares con baterías o infraestructura renovable distribuida, especialmente en áreas adyacentes a centros urbanos donde la disponibilidad de tierras favorece la generación de energía limpia tanto para usuarios urbanos como rurales. Los mecanismos de financiamiento pueden incluir asociaciones público-privadas (PPP), modelos de arrendamiento, préstamos concesionales y acuerdos de compra de energía (PPA).",2,1,0,1,1,0,1,,0-19,,,,,,high,>10 years,"Disponibilidad de financiamiento y mecanismos financieros para apoyar la instalación de sistemas de energía renovable en zonas rurales\nDesarrollo de infraestructura, como microrredes, para garantizar una distribución confiable de electricidad en comunidades remotas\nColaboración con gobiernos locales, proveedores de energía y organizaciones comunitarias para facilitar la implementación y el mantenimiento de soluciones de energía renovable en regiones desatendidas",Porcentaje de áreas rurales electrificadas con energía renovable.\nCapacidad instalada de sistemas de energía renovable en áreas rurales (MW).\nReducción anual de emisiones de CO₂ equivalente por proyectos de electrificación rural.,['local'],,,,,,,,,
icare_0008,Habilitar la integración de redes inteligentes y el almacenamiento de energía distribuida mediante la colaboración municipal y proyectos de demostración,{mitigation},,{stationary_energy},{energy_industries},{},"La ciudad colaborará con empresas de servicios energéticos, organismos reguladores y proveedores de tecnología para apoyar el despliegue de infraestructura de redes inteligentes y sistemas de almacenamiento de energía distribuida que mejoren la flexibilidad, la fiabilidad y la integración de energías renovables. Si bien la modernización de la red a gran escala suele estar liderada por autoridades nacionales o regionales",2,0,0,1,0,0,1,,0-19,,,,,,high,5-10 years,"Inversión en el desarrollo y la implementación de redes inteligentes y tecnologías de almacenamiento de energía para mejorar la gestión energética\nExperiencia técnica e infraestructura para integrar fuentes de energía renovable en la red inteligente y garantizar un almacenamiento de energía eficaz\nMarcos normativos y regulatorios para apoyar la adopción generalizada de redes inteligentes y sistemas de almacenamiento de energía, incluyendo incentivos y estándares de integración a la red",Porcentaje de la red cubierta por tecnología de red inteligente.\nCapacidad instalada de sistemas de almacenamiento de energía (MW o MWh).\nReducción de las pérdidas de energía en la red (%).,['national'],,,,,,,,,
icare_0009,Desplegar sistemas de cogeneración en las industrias,{mitigation},,{stationary_energy},{manufacturing_industries_and_construction},{},Utilizar sistemas de cogeneración para maximizar la eficiencia energética en los procesos industriales.,-1,0,0,0,0,0,0,,0-19,,,,,,high,5-10 years,Disponibilidad de experiencia técnica y recursos para diseñar e implementar sistemas de cogeneración (CHP) en procesos industriales\nInversión en infraestructura para integrar sistemas de cogeneración en instalaciones y procesos industriales existentes\nApoyo político y regulatorio para incentivar la adopción de tecnologías energéticamente eficientes como los sistemas de cogeneración en el sector industrial,Capacidad instalada de sistemas de cogeneración en instalaciones industriales (MW).\nEnergía anual generada y utilizada a partir de sistemas de cogeneración (kWh/año).\nReducción estimada de emisiones de CO₂ equivalente por cogeneración industrial.,['local'],,,,,,,,,
icare_0010,Promover certificaciones de edificios Net-Zero y verdes,{mitigation},,{stationary_energy},{residential_buildings},{},"Esta acción se centra en promover edificios sostenibles apoyando los objetivos de energía neta cero y fomentando certificaciones de construcción ecológica como LEED. Su objetivo es incentivar la construcción y renovación de edificios que produzcan tanta energía como la que consumen, reduciendo su impacto ambiental. Esta iniciativa también impulsa la adopción de prácticas y tecnologías sostenibles, garantizando la eficiencia energética a largo plazo y la responsabilidad ambiental en infraestructuras residenciales, comerciales y públicas.",2,0,0,2,2,0,1,,0-19,,,,,,medium,5-10 years,"Disponibilidad de incentivos financieros, subsidios o créditos fiscales para incentivar a los propietarios de viviendas a instalar sistemas de energía solar, eólica y otras energías limpias\nAcceso a información y recursos educativos para ayudar a los propietarios a comprender los beneficios, costos y procesos de instalación de sistemas de energía limpia\nDesarrollo de regulaciones y políticas de apoyo que faciliten la instalación de tecnologías de energía renovable en áreas residenciales","Número de edificios certificados como edificios netos cero o edificios verdes anualmente.\nReducción en el consumo de energía y agua en edificios certificados (kWh/año, m³/año).\nReducción estimada de emisiones de CO₂ equivalente por prácticas de construcción verde.",['local'],,,,,,,,,
icare_0012,Ampliar la generación de energía solar en instalaciones municipales y bienes públicos,{mitigation},,{stationary_energy},{energy_generation_supplied_to_the_grid},{},"La ciudad instalará y ampliará sistemas solares fotovoltaicos (PV) en edificios municipales y bienes públicos, incluyendo escuelas, centros de salud, oficinas administrativas, terminales de autobuses, plantas de tratamiento de agua y vertederos clausurados. El objetivo es aumentar la proporción de electricidad renovable en las operaciones municipales, reducir los costos energéticos y disminuir las emisiones de gases de efecto invernadero. Se facilitarán proyectos piloto y de demostración en edificios municipales, barrios o zonas industriales para mostrar los beneficios de los medidores inteligentes, controles automatizados y sistemas de almacenamiento local; se apoyarán programas de flexibilidad en la demanda, como tarifas por horario de uso e iniciativas de electrodomésticos inteligentes; se incorporará la preparación de la red y la planificación de generación distribuida en las estrategias locales de desarrollo y zonificación; y se participará en la planificación integrada de recursos con las empresas de servicios públicos para asegurar que las necesidades energéticas urbanas y periurbanas estén alineadas con las mejoras regionales de la red.",0,0,0,1,0,0,1,,0-19,,,,,,medium,5-10 years,"Disponibilidad de financiamiento y mecanismos financieros para apoyar la instalación de sistemas de energía solar en instalaciones públicas y zonas remotas\nDesarrollo de infraestructura para apoyar la integración de sistemas de energía solar en regiones desatendidas, incluyendo la conexión a la red o soluciones fuera de la red\nColaboración con gobiernos locales, proveedores de energía y organizaciones comunitarias para asegurar la implementación y el mantenimiento efectivos de los sistemas de energía solar en estas áreas",Capacidad instalada (MW)\nPorcentaje de zonas remotas abastecidas por sistemas de energía solar\nReducción anual de emisiones de CO2 equivalente por la adopción de energía solar,['national'],,,,,,,,,
icare_0015,"Promover la energía minihidroeléctrica, microhidroeléctrica y de biomasa",{mitigation},,{stationary_energy},{energy_generation_supplied_to_the_grid},{},"Esta acción se centra en promover la generación de energía renovable mediante el desarrollo de plantas mini y microhidroeléctricas y el fomento de la producción de energía a partir de biomasa en regiones agrícolas. Aprovechando el potencial de los recursos hídricos locales y los residuos orgánicos, esta iniciativa busca diversificar la matriz energética, mejorar la seguridad energética y apoyar prácticas agrícolas sostenibles, reduciendo la dependencia de los combustibles fósiles y promoviendo soluciones energéticas respetuosas con el medio ambiente.",0,-1,-1,0,0,0,1,,60-79,,,,,,high,5-10 years,"Disponibilidad de experiencia técnica y recursos para diseñar e implementar plantas de mini y microhidroelectricidad y sistemas de energía a partir de biomasa\nAcceso a recursos hídricos locales y residuos orgánicos para la generación de energía, garantizando el abastecimiento sostenible y la evaluación del impacto ambiental\nMarcos normativos y regulatorios para incentivar el desarrollo de proyectos de energía renovable en regiones agrícolas y asegurar su integración en la red eléctrica local",Capacidad instalada de sistemas de energía mini y microhidroeléctrica y de biomasa (MW).\nGeneración anual de energía de estos sistemas (kWh/año).\nReducción estimada de emisiones de CO₂ equivalente al reemplazar combustibles fósiles por fuentes renovables.,['national'],,,,,,,,,
icare_0016,"Promover sistemas solares térmicos y bombas de calor para el calentamiento de agua en edificios residenciales, comerciales y públicos",{mitigation},,{stationary_energy},{residential_buildings},{},"La ciudad fomentará la adopción de sistemas de calentamiento de agua renovables y eficientes, incluyendo colectores solares térmicos y bombas de calor, en instalaciones residenciales, comerciales y públicas. Estos sistemas reducen significativamente el consumo de energía y las emisiones asociadas con el calentamiento de agua convencional mediante electricidad o gas. Las acciones municipales pueden incluir: instalar sistemas en edificios públicos (escuelas, hospitales, centros deportivos) para demostrar liderazgo y reducir los costos operativos; ofrecer incentivos o programas de financiamiento para instalaciones residenciales y comerciales; y actualizar los códigos de construcción o los estándares de eficiencia para integrar tecnologías de calentamiento renovable en construcciones nuevas y remodeladas.",0,0,0,1,0,0,1,,20-39,,,,,,medium,<5 years,"Disponibilidad de incentivos financieros y subsidios para apoyar la instalación de sistemas de energía solar térmica en instalaciones residenciales, comerciales y públicas\nDesarrollo de normas técnicas y directrices para garantizar la instalación y el uso eficiente de los sistemas solares térmicos\nCampañas de sensibilización pública para educar a los ciudadanos y empresas sobre los beneficios de la energía solar térmica para el calentamiento de agua y sus ventajas medioambientales",Número de nuevos sistemas solares térmicos instalados anualmente.\nReducción en el consumo de energía de los sistemas convencionales de calentamiento de agua (kWh/año).\nReducción estimada de emisiones de CO₂ equivalente por la adopción de energía solar térmica.,['national'],,,,,,,,,
icare_0023,Actualizar y mantener subestaciones eléctricas,{mitigation},,{stationary_energy},{energy_industries},{},Mejorar la fiabilidad y eficiencia de la red eléctrica mediante la modernización del equipo de subestaciones e implementación de programas regulares de mantenimiento.,0,0,0,0,0,0,0,,60-79,,,,,,medium,5-10 years,Disponibilidad de financiamiento y recursos para modernizar el equipo de subestaciones y mejorar la infraestructura de la red eléctrica\nAcceso a experiencia técnica para la implementación de tecnologías avanzadas de red y protocolos regulares de mantenimiento\nApoyo político y regulatorio para asegurar cronogramas de mantenimiento consistentes e integrar equipos modernos en la red eléctrica existente,Reducción de las pérdidas en la transmisión de energía (%).\nAumento de la fiabilidad y el tiempo de funcionamiento de la red eléctrica (%).,['state'],,,,,,,,,
icare_0024,Integrar energías renovables en los sistemas municipales de agua,{mitigation},,{stationary_energy},{energy_generation_supplied_to_the_grid},{},"Implementar fuentes de energía renovable, como la solar o la eólica, para impulsar los sistemas de tratamiento, bombeo y distribución de agua, reduciendo los costos energéticos y las emisiones.",2,2,2,1,0,0,1,,80-100,,,,,,medium,5-10 years,Disponibilidad de financiamiento o incentivos económicos para integrar fuentes de energía renovable como la solar o eólica en los sistemas de tratamiento y distribución de agua\nExperiencia técnica e infraestructura para modernizar los sistemas existentes con soluciones de energía renovable o diseñar nuevas instalaciones alimentadas por energías renovables\nApoyo político y regulatorio para fomentar el uso de energía limpia en los sistemas de agua y asegurar su integración en las redes energéticas municipales,Porcentaje de sistemas municipales de agua alimentados por energías renovables.\nReducción en el consumo de energía proveniente de fuentes no renovables (kWh/año).\nEmisiones de GEI evitadas (toneladas de CO₂e),['local'],,,,,,,,,
icare_0025,Promover viviendas eficientes en energía y resilientes al clima para asentamientos informales y de bajos ingresos,{mitigation},,{stationary_energy},{residential_buildings},{},"La ciudad desarrollará y apoyará programas de vivienda que integren principios de diseño energéticamente eficiente y resiliente al clima, reduciendo los costos de energía y mejorando el confort para los hogares de bajos ingresos y los residentes de asentamientos informales. Las medidas pueden incluir el uso de materiales de aislamiento térmico, techos reflectantes, ventilación natural y sistemas de iluminación y electrodomésticos eficientes (como LEDs y calentadores solares de agua). Las acciones municipales pueden involucrar incentivos para la rehabilitación, la integración de criterios de eficiencia en los programas de vivienda social y la oferta de asistencia técnica o subsidios para mejoras a pequeña escala. Esta acción puede combinarse con proyectos de mejora más amplios que aborden el saneamiento, el acceso al agua y la seguridad estructural, fomentando la mejora integral e inclusiva de los barrios. Estas intervenciones mejoran la calidad de vida, reducen la pobreza energética y contribuyen a los objetivos urbanos de mitigación y adaptación al clima.",0,0,0,2,2,0,1,,60-79,,,,,,medium,5-10 years,"Disponibilidad de fondos o subsidios para apoyar el desarrollo de viviendas energéticamente eficientes para hogares de bajos ingresos\nColaboración con arquitectos, ingenieros y contratistas para diseñar e implementar tecnologías energéticamente eficientes en proyectos de vivienda\nDesarrollo de políticas y regulaciones para incentivar soluciones de vivienda energéticamente eficientes y garantizar la asequibilidad para comunidades de bajos ingresos",Número de viviendas energéticamente eficientes construidas o renovadas.\nReducción en el consumo de energía doméstica (kWh).\nDisminución en las facturas de energía para hogares de bajos ingresos (USD).,['local'],,,,,,,,,
icare_0026,Implementar tarifas eléctricas según el horario de uso para mejorar la flexibilidad y eficiencia del lado de la demanda,{mitigation},,{stationary_energy},{energy_industries},{},"La ciudad trabajará con los reguladores energéticos y las empresas de servicios públicos para introducir tarifas eléctricas por horario de uso (TOU) que incentiven a los consumidores a desplazar el consumo de energía hacia las horas de menor demanda. Al fomentar la flexibilidad del lado de la demanda, esta medida ayuda a equilibrar la demanda en la red, garantizar la estabilidad de la red y reducir los costos de energía para los consumidores, especialmente cuando se combina con electrodomésticos eficientes y tecnologías de medición inteligente. Los roles municipales pueden incluir abogar por la aprobación regulatoria, implementar programas piloto de TOU en instalaciones públicas y aumentar la concienciación entre usuarios residenciales, comerciales e industriales. Esta acción respalda los objetivos más amplios de eficiencia energética y resiliencia de la ciudad, ayudando a integrar de manera más efectiva la energía renovable y reducir las presiones de carga máxima.",1,0,0,1,0,0,0,,20-39,,,,,,low,<5 years,"Desarrollo de modelos de precios, como tarifas según el horario de uso, para fomentar el consumo de energía durante las horas de menor demanda\nColaboración con las compañías de servicios públicos para implementar y comunicar eficazmente las nuevas estructuras de precios a los consumidores\nApoyo regulatorio para asegurar que las estructuras de precios se alineen con los objetivos de gestión de la red y fomenten el uso de energía sin perjudicar a las poblaciones vulnerables",Porcentaje de hogares inscritos en programas de tarifas según el horario de uso.\nReducción en la demanda máxima de electricidad (%).\nReducción anual de emisiones de GEI debido al uso optimizado de energía (toneladas de CO₂e).,['state'],,,,,,,,,
icare_0027,Crear programas de financiamiento para proyectos locales de energía renovable,{mitigation},,{stationary_energy},{energy_industries},{},"Establecer mecanismos de financiación, como subvenciones y préstamos a bajo interés, para apoyar el desarrollo de iniciativas de energía renovable a pequeña escala en las comunidades. Estos programas también pueden apoyar granjas y cooperativas de energía renovable comunitaria, permitiendo el acceso compartido a energía limpia y fortaleciendo los modelos de propiedad local.",2,0,0,2,2,0,1,,60-79,,,,,,medium,5-10 years,"Desarrollo de mecanismos financieros accesibles, incluyendo subvenciones y préstamos a bajo interés, para apoyar proyectos de energía renovable a pequeña escala en comunidades.\nColaboración con instituciones financieras y gobiernos locales para asegurar la distribución y gestión efectiva de fondos destinados a iniciativas de energía renovable.\nDirectrices claras y apoyo para que organizaciones comunitarias y empresas locales accedan a financiamiento e implementen con éxito proyectos de energía renovable.\nAcceso a conocimientos técnicos y recursos para orientar la instalación y el mantenimiento de sistemas de energía eólica en entornos residenciales y comunitarios.","Desarrollo de mecanismos financieros accesibles, incluyendo subvenciones y préstamos a bajo interés, para apoyar proyectos de energía renovable a pequeña escala en comunidades.\nColaboración con instituciones financieras y gobiernos locales para asegurar la distribución y gestión efectiva de fondos destinados a iniciativas de energía renovable.\nDirectrices claras y apoyo para que organizaciones comunitarias y empresas locales accedan a financiamiento e implementen con éxito proyectos de energía renovable.\nAcceso a conocimientos técnicos y recursos para orientar la instalación y el mantenimiento de sistemas de energía eólica en entornos residenciales y comunitarios.",['local'],,,,,,,,,
icare_0028,"Promover la refrigeración pasiva mediante sombreado natural y ventilación en edificios residenciales, comerciales y públicos",{mitigation},,{stationary_energy},{residential_buildings},{},"La ciudad requerirá o fomentará características de diseño de enfriamiento pasivo, incluyendo fachadas sombreadas, techos verdes, ventilación natural, superficies reflectantes y distribuciones que permitan la ventilación cruzada, para reducir la dependencia del aire acondicionado mecánico en edificios residenciales, comerciales y públicos. Estas medidas mejoran el confort interior, disminuyen la demanda energética y aumentan la resiliencia urbana frente al estrés térmico. La implementación puede incluir la actualización de los códigos de construcción, incentivos para la rehabilitación y la provisión de orientación de diseño para nuevos desarrollos y renovaciones. Esta acción complementa otras iniciativas de construcción sostenible y apoya la adaptación climática a largo plazo mediante la eficiencia energética y el confort térmico.",1,0,0,1,1,0,0,,20-39,,,,,,low,<5 years,"Desarrollo de directrices y normas de diseño de edificios que promuevan la integración de características de enfriamiento pasivo como fachadas sombreadas, techos verdes y ventilación cruzada\nDisponibilidad de incentivos financieros o apoyo para incorporar características arquitectónicas de eficiencia energética tanto en edificios nuevos como existentes\nColaboración con arquitectos, urbanistas y autoridades locales para integrar estas características en proyectos de desarrollo urbano y renovación",Número de edificios que incorporan sombreado/ventilación natural.\nReducción en la demanda de energía para refrigeración (%) por edificio.\nMejoras en la resiliencia térmica en edificios monitoreados (°C).,['local'],,,,,,,,,
icare_0031,Captura y uso de biogás en plantas de tratamiento de aguas residuales,{mitigation},,{stationary_energy},{wastewater_generated_in_the_city},{},"Instalar sistemas de biogás en plantas de tratamiento de aguas residuales para producir energía renovable a partir de lodos orgánicos, reduciendo emisiones y costos operativos. Las tecnologías pueden incluir digestión de lodos, cogeneración (CHP) para las cargas de la planta y actualización a biometano para vehículos. Esta acción puede ser financiada por bancos de desarrollo y puede escalarse mediante la regionalización.",0,0,0,0,0,0,0,,60-79,,,,,,high,5-10 years,Disponibilidad de financiación o subsidios para apoyar la instalación de sistemas de biogás en plantas de tratamiento de aguas residuales\nAcceso a experiencia técnica para diseñar e integrar sistemas de biogás en los procesos de tratamiento existentes\nMarcos regulatorios que incentiven la generación de energía renovable a partir del tratamiento de aguas residuales y garanticen el cumplimiento de las normas ambientales,Volumen de biogás producido anualmente (m³).\nPorcentaje de plantas de tratamiento de aguas residuales que utilizan sistemas de biogás.\nEmisiones de GEI evitadas por el uso de biogás (toneladas de CO₂e).,['local'],,,,,,,,,
icare_0033,Instalar biodigestores en propiedades rurales,{mitigation},,{stationary_energy},{agriculture_forestry_and_fishing_activities},{},"Equipar las granjas y propiedades rurales con biodigestores para convertir los residuos orgánicos en biogás y fertilizantes ricos en nutrientes, proporcionando una fuente de energía sostenible.",1,0,0,1,0,0,0,,0-19,,,,,,medium,<5 years,"Disponibilidad de financiamiento o subsidios para apoyar la instalación de biodigestores en granjas y propiedades rurales\nAcceso a experiencia técnica para el diseño, la instalación y el mantenimiento de biodigestores\nDesarrollo de un marco regulatorio favorable que fomente el uso de biogás y sistemas de gestión de residuos orgánicos en la agricultura rural",Volumen de biogás generado (m³/año).\nEmisiones de GEI evitadas al reemplazar combustibles fósiles (toneladas de CO₂e).,['local'],,,,,,,,,
icare_0034,Mejorar los sistemas de suministro de combustible para la calefacción industrial,{mitigation},,{ippu},{industrial_processes},{},"Mejorar los sistemas de suministro de combustible en el proceso de producción de acero mediante la implementación de tecnologías como la inyección de carbón pulverizado, la mejora de los diseños de hornos y los controles de proceso, y la optimización de la combustión de combustible para calefacción. Incluye medidas de eficiencia energética para reducir las emisiones provenientes del carbón y el coque utilizados en la fabricación convencional de hierro, así como la posible adopción de reductores alternativos como biomasa y plásticos de desecho.",1,0,0,1,0,0,2,,,,,20-39,,,low,<5 years,Desarrollo de un marco de incentivos fiscales dirigido a inversiones en tecnologías limpias.\nDisponibilidad de recursos financieros para subvenciones e incentivos fiscales.\nColaboración entre el gobierno y las empresas para identificar tecnologías limpias elegibles.,Porcentaje promedio de ahorro fiscal por empresa que adopta tecnologías limpias (%).\nNúmero de nuevas empresas de tecnología limpia establecidas como resultado de incentivos fiscales.\nAumento en los empleos relacionados con tecnologías limpias creados debido a incentivos fiscales.,['state'],,,,,,,,,
icare_0035,Mejorar los procesos de eficiencia energética industrial,{mitigation},,{stationary_energy},{manufacturing_industries_and_construction},{},Implementar tecnologías avanzadas y optimizaciones de procesos en instalaciones industriales para minimizar el consumo de energía y mejorar la productividad.,1,-1,-1,1,0,0,0,,0-19,,,,,,medium,5-10 years,Disponibilidad de incentivos financieros o apoyo para invertir en tecnologías avanzadas y optimización de procesos en instalaciones industriales\nAcceso a experiencia técnica y recursos para implementar soluciones de eficiencia energética y optimizar procesos industriales\nColaboración con partes interesadas de la industria y marcos regulatorios para fomentar la adopción de tecnologías de ahorro energético y garantizar el cumplimiento de los objetivos de sostenibilidad,Porcentaje de industrias que adoptan tecnologías energéticamente eficientes.\nReducción estimada de emisiones de CO₂ equivalente provenientes de procesos industriales energéticamente eficientes.,['local'],,,,,,,,,
icare_0040,Desplegar alumbrado público eficiente en el uso de energía y alimentado por energía solar en todos los vecindarios,{mitigation},,{stationary_energy},{residential_buildings},{},"La ciudad instalará farolas basadas en tecnología LED (u otras tecnologías de bajas emisiones) alimentadas por energía solar en todos los barrios, incluyendo zonas rurales y periurbanas, para mejorar la seguridad, la accesibilidad y la inclusión social, al tiempo que se reducen los costos energéticos y los impactos ambientales. Cuando sea posible, la acción priorizará la generación de energía solar, especialmente en áreas con cobertura de red limitada o alta intensidad de carbono. En los lugares donde la red eléctrica ya es limpia, el enfoque será maximizar la eficiencia de la iluminación mediante la modernización con LED y controles inteligentes. Las funciones municipales incluyen la adquisición de equipos, el establecimiento de mecanismos de financiación público-privada y la contratación de servicios de mantenimiento a largo plazo para garantizar la fiabilidad del sistema. Esta acción ofrece importantes co-beneficios para comunidades de todos los tamaños, pero requiere una planificación cuidadosa para abordar los desafíos de mantenimiento y operación.",2,0,0,1,0,1,1,,0-19,,,,,,medium,5-10 years,"Disponibilidad de financiamiento o mecanismos financieros para apoyar la instalación de farolas solares en comunidades rurales\nAcceso a experiencia técnica para diseñar, instalar y mantener sistemas de alumbrado público solar\nColaboración con gobiernos locales y comunidades para asegurar la integración de farolas solares en la infraestructura y los planes energéticos existentes",Porcentaje de farolas alimentadas por energía solar.\nReducción anual en el consumo de electricidad (kWh).\nEmisiones de GEI evitadas (toneladas de CO₂e).,['local'],,,,,,,,,
icare_0045,"Promover la agricultura orgánica, regenerativa y agroecológica en las zonas rurales",{mitigation},,{afolu},{agriculture_forestry_and_fishing_activities},{},"Promover principios agrícolas orgánicos, regenerativos y agroecológicos en las zonas rurales de la ciudad. Esto puede incluir la reducción de la dependencia de pesticidas químicos, la mejora de la salud del suelo y la promoción de la captura de carbono en el suelo. Las acciones pueden incluir la provisión de capacitación técnica y programas educativos para los productores rurales, el uso de instrumentos económicos para incentivar la conversión agroecológica y la creación de recursos o redes para el intercambio de habilidades. Trabajar de manera cooperativa con los productores rurales, incluyendo la integración de prácticas y conocimientos indígenas.",1,1,1,0,0,0,0,,,,,,20-39,,low,<5 years,"Disponibilidad de programas de capacitación técnica para que los agricultores adopten prácticas orgánicas y agroecológicas\nFortalecimiento de las cadenas de valor y el acceso al mercado para productos agroecológicos para garantizar la sostenibilidad económica\nImplementación de instrumentos económicos, como el pago por servicios ambientales, para incentivar la conversión agroecológica",Número de proyectos económicos rurales sostenibles implementados anualmente.\nReducción del impacto ambiental de las prácticas agrícolas o de producción tradicionales (%).\nPorcentaje de hogares rurales que adoptan prácticas sostenibles.,['local'],,,,,,,,,
icare_0049,Desarrollar centros regionales para la producción de energía renovable,{mitigation},,{stationary_energy},{energy_generation_supplied_to_the_grid},{},"Establecer centros estratégicos para la generación de energía renovable a gran escala, apoyando las economías locales y proporcionando energía limpia y confiable a las áreas circundantes.",2,1,0,1,0,0,1,,0-19,,,,,,high,>10 years,Establecimiento de centros estratégicos para la generación de energía renovable a gran escala.\nApoyo a las economías locales mediante iniciativas de energía renovable.\nProvisión de energía confiable y limpia a las áreas circundantes.,Capacidad instalada de energía renovable en los centros (MW).\nNúmero de empleos creados en el sector de energía renovable.\nEmisiones anuales de GEI evitadas por la generación de energía renovable (toneladas de CO₂e).,['state'],,,,,,,,,
icare_0050,Acelerar la adopción de la agroforestería,{mitigation},,{afolu},{agriculture_forestry_and_fishing_activities},{},"Promover sistemas agroforestales integrando árboles en el cultivo de alimentos y pastizales, aumentando la biodiversidad y la captura de carbono. La agroforestería integra árboles y arbustos con cultivos y/o ganado para secuestrar carbono, mejorar la salud del suelo, reducir la erosión, mejorar la calidad del agua y diversificar los medios de vida. También ofrece co-beneficios como mitigar los climas regionales y aumentar la productividad de la tierra, al tiempo que aborda riesgos como los impactos en la biodiversidad y la hidrología. Los sistemas agroforestales pueden incluir sistemas silvopastoriles, cultivos en callejones y plantación de barreras ribereñas. Crear incentivos financieros y técnicos para integrar prácticas agroforestales en los sistemas ganaderos.",2,2,2,1,0,0,2,,,,,,40-59,,medium,5-10 years,Provisión de apoyo técnico y orientación a los agricultores sobre el diseño e implementación de sistemas agroforestales.\nDesarrollo de incentivos financieros o subsidios para hacer que la agroforestería sea más atractiva económicamente.\nCreación de políticas que integren las prácticas agroforestales en la planificación del uso de la tierra agrícola y en los sistemas de tenencia de la tierra.,Porcentaje de tierras agrícolas convertidas a sistemas agroforestales (%).\nNúmero de nuevos proyectos agroforestales implementados.\nIncremento en la captura de carbono en sistemas agroforestales (toneladas de CO₂e/año).,['local'],,,,,,,,,
icare_0053,Apoyar a las cooperativas de recolectores voluntarios de residuos para que se agrupen en pequeñas empresas y se expandan hacia la gestión de orgánicos,{mitigation},,{waste},{disposal_of_solid_waste_generated_in_the_city},{},"Medidas para agrupar a los recolectores voluntarios de residuos en pequeñas empresas o asociaciones, mejorar las condiciones laborales y los ingresos en los procesos de clasificación de residuos reciclables y orgánicos para contribuir a la reducción de emisiones de GEI y al aumento de la resiliencia frente al riesgo climático. Incluye el mapeo de recolectores voluntarios individuales y en grupo, la provisión de capacitación para los recolectores en gestión y tratamiento de residuos, economía, gestión empresarial y planificación conceptual para la operación y administración de la Unidad de Clasificación.",0,0,1,2,0,0,2,,,,20-39,,,,medium,<5 years,"Implementación de medidas para mejorar las condiciones laborales y los ingresos en la clasificación de residuos reciclables.\nCapacitación continua para los recolectores en tecnología, economía, gestión empresarial y planificación operativa.\nDesarrollo de capacidades administrativas y operativas para la Unidad de Clasificación.",Número de cooperativas apoyadas anualmente.\nIncremento en los ingresos de los recolectores (%).\nVolumen de materiales reciclables recolectados por las cooperativas (toneladas/año).,['local'],,,,,,,,,
icare_0064,Desarrollar una estrategia de gestión de residuos orgánicos,{mitigation},,{waste},{biological_treatment_of_waste_generated_in_the_city},{},"Desarrollo de una estrategia de gestión de residuos orgánicos con intervenciones a corto, medio y largo plazo, integrando la adquisición e implementación de tecnologías y recursos para el tratamiento de residuos orgánicos, con el fin de construir la infraestructura adecuada para tratar los residuos recolectados, como el compostaje, la biodigestión y otras tecnologías, con el objetivo de reducir la cantidad enviada a los vertederos y lograr la máxima desviación de residuos orgánicos.",0,1,1,0,0,0,0,,,,20-39,,,,medium,5-10 years,Desarrollo de estudios de viabilidad para tecnologías de tratamiento de residuos húmedos. Exploración del compostaje y la biodigestión para reducir los residuos en vertederos. Evaluación de la viabilidad técnica y económica para la implementación. Proporcionar capacitación y recursos para asegurar la correcta segregación y procesamiento de residuos. Desarrollar políticas e incentivos para fomentar la participación empresarial y comunitaria en la gestión de residuos orgánicos.,Porcentaje de residuos húmedos tratados utilizando nuevas tecnologías.\nBiogás producido a partir del tratamiento de residuos húmedos (m³/año).\nEmisiones de GEI evitadas (toneladas de CO₂e).,['local'],,,,,,,,,
icare_0069,Completar el mapeo ecológico y agroclimático,{mitigation},,{afolu},{agriculture_forestry_and_fishing_activities},{},"Utilice herramientas de zonificación y mapeo para identificar las áreas más adecuadas para la agricultura sostenible y aquellas que requieren preservación ambiental. Incorpore los hallazgos en la planificación o regulaciones de zonificación, planes económicos, planes de acción climática y el diseño de políticas o trabajos estratégicos asociados. Incluya mapeos de tierras vinculadas a comunidades indígenas y pequeños productores locales, espacios públicos, datos socioeconómicos y otras prioridades. Esto ayudará a informar los planes para acelerar la producción agroecológica a nivel local y preservar áreas ecológicamente importantes, y puede ser una herramienta útil para involucrar a las partes interesadas.",0,0,0,0,0,0,0,,,,,,20-39,,low,<5 years,Proporcionar acceso a datos geoespaciales de alta resolución y herramientas de zonificación para la planificación.\nIncorporar criterios socioeconómicos y ecológicos en el proceso de zonificación.\nInvolucrar a las partes interesadas y alinear la zonificación con las regulaciones y políticas existentes.,Porcentaje del territorio con zonificación agroclimática y agrícola implementada (%).\nNúmero de fincas que adoptan prácticas recomendadas en la zonificación agroclimática.\nReducción de áreas cultivadas en zonas de alto riesgo climático (hectáreas o %).,['local'],,,,,,,,,
icare_0071,Aumentar la eficiencia de los hornos y calderas industriales,{mitigation},,{ippu},{industrial_processes},{},"Mejorar el diseño y la operación de hornos y calderas para aumentar la eficiencia energética y reducir las emisiones. Incluye tecnologías como la recuperación mejorada de calor y energía de los gases de proceso, controles avanzados de procesos y mejores diseños de hornos para minimizar los ciclos de temperatura y optimizar el uso de combustible.",1,1,1,0,0,0,1,,,,,0-19,,,medium,5-10 years,Disponibilidad de materiales sostenibles a precios competitivos.\nPolíticas y regulaciones de apoyo que promuevan la sustitución de materiales.\nConciencia y capacidad de la industria para transitar hacia nuevos materiales.,Número de campañas de sensibilización pública o sesiones de capacitación realizadas para promover materiales sostenibles.\nPorcentaje de reducción de costos en la producción de materiales sostenibles en comparación con los materiales tradicionales (%).\nCuota de mercado de materiales sostenibles en comparación con los materiales tradicionales en las industrias locales (%).,['local'],,,,,,,,,
icare_0072,Mejorar la recuperación y reutilización de calor mediante redes de intercambiadores de calor o bombas de calor,{mitigation},,{ippu},{industrial_processes},{},"Esta acción consiste en mejorar la eficiencia energética en el uso del calor mediante la utilización de redes de intercambiadores de calor y bombas de calor de alta temperatura para recuperar y reutilizar el calor residual en los procesos industriales. Las técnicas incluyen reducir las necesidades de calor mediante aislamiento térmico, reutilizar el calor residual en diferentes rangos de temperatura y reciclar el calor residual para la generación de energía a través de tecnologías como la recomprensión mecánica de vapor y la conversión termoeléctrica.",1,1,0,0,0,0,2,,,,,0-19,,,low,<5 years,Establecimiento de foros multipartitos que involucren a la industria y al gobierno.\nDesarrollo de marcos políticos claros para apoyar la reducción de emisiones.\nCreación de incentivos financieros para que las industrias adopten prácticas sostenibles.,Número de acuerdos de colaboración firmados entre la industria y el gobierno.\nCantidad de emisiones reducidas a través de iniciativas colaborativas (toneladas de CO₂/año).\nPorcentaje de industrias clave involucradas en asociaciones para la reducción de emisiones (%).,['national'],,,,,,,,,
icare_0074,Adoptar tecnologías de eficiencia energética industrial,{mitigation},,{ippu},{industrial_processes},{},"Implementación de tecnologías energéticamente eficientes en los procesos mineros, particularmente en la conminución, mediante la modernización de los métodos de concentración de mineral, el uso de tecnologías eficientes de molienda y trituración, y la optimización del tamaño de partícula de alimentación. Otras oportunidades incluyen la mejora de los procesos de separación, secado y manejo de materiales.",2,1,1,1,0,0,2,,,,,0-19,,,medium,5-10 years,"Financiación para la investigación y el desarrollo de tecnologías neutras en carbono.\nAlianzas entre el gobierno, el mundo académico y la industria para fomentar la innovación.\nProgramas de incentivos para que las industrias adopten nuevas tecnologías.",Número de proyectos de investigación financiados o iniciados.\nPorcentaje de industrias locales que adoptan tecnologías neutras en carbono (%).\nReducción de emisiones de carbono en las industrias que participan en proyectos de investigación (toneladas de CO₂/año).,['local'],,,,,,,,,
icare_0076,Electrificar los procesos industriales (con energía renovable),{mitigation},,{ippu},{industrial_processes},{},"Transición de los procesos de producción de acero hacia métodos electrificados como la electrólisis de óxidos fundidos, la reducción directa avanzada y otros métodos impulsados por electricidad de bajo carbono para reducir las emisiones y mejorar la eficiencia energética.",2,1,1,1,0,0,1,,,,,20-39,,,medium,>10 years,Desarrollo de infraestructura para la producción y distribución de biocombustibles e hidrógeno.\nMarcos regulatorios para apoyar la transición hacia combustibles bajos en carbono.\nDisponibilidad de tecnología para integrar biocombustibles e hidrógeno en los sistemas industriales.,Porcentaje del consumo energético industrial proveniente de combustibles de bajas emisiones (%).\nReducción de emisiones de GEI por sustitución de combustibles (toneladas de CO₂e/año).\nNúmero de instalaciones que están haciendo la transición a fuentes de combustibles de bajas emisiones.,['local'],,,,,,,,,
icare_0078,Descarbonizar las materias primas industriales,{mitigation},,{ippu},{product_use},{},"Descarbonizar las materias primas para los procesos industriales mediante Captura y Almacenamiento de Carbono (CCS), Captura y Utilización de Carbono (CCU) e integración con fuentes de energía de bajas emisiones de carbono. Esto incluye capturar carbono de diversas emisiones industriales y reutilizarlo o almacenarlo para reducir las emisiones de gases de efecto invernadero. Las aplicaciones incluyen la creación de combustibles sintéticos, productos químicos y materiales, utilizando energía renovable o fuentes de carbono biogénico.",2,2,1,1,0,0,1,,,,,0-19,,,medium,5-10 years,Regulaciones claras de gestión de residuos para las industrias.\nDisponibilidad de infraestructura para el procesamiento de residuos.\nProgramas de capacitación para trabajadores industriales sobre gestión de residuos.,Reducción en la generación de residuos peligrosos (toneladas/año).\nAumento en la tasa de reciclaje de materiales de desecho industrial (%).\nCantidad de conversión de residuos en energía lograda (MWh/año).,['local'],,,,,,,,,
icare_0079,Implementar la captura y utilización de carbono (CCU),{mitigation},,{ippu},{product_use},{},"Capturar CO₂ de procesos industriales o gases de combustión y reutilizarlo para producir combustibles, productos químicos y materiales de construcción, reduciendo las emisiones de la fuente inicial y sustituyendo nuevas materias primas fósiles o biogénicas. Priorizar la utilización de CO₂ (CCU) para emisiones residuales y para usos finales con sistemas sólidos de monitoreo, reporte y verificación (MRV) y, cuando sea posible, con retención de carbono duradera; no desplazar medidas de eficiencia y circularidad de materiales de mayor prioridad.",1,1,0,1,0,0,2,,,,,20-39,,,low,<5 years,"Disponibilidad de profesionales calificados o auditores energéticos para realizar evaluaciones exhaustivas en industrias y edificios.\nDesarrollo de un marco estandarizado para auditorías energéticas, asegurando la consistencia y precisión en los resultados.\nImplementación de incentivos gubernamentales o corporativos para motivar a las organizaciones a actuar según las recomendaciones de las auditorías, como reembolsos para mejoras de eficiencia energética.",Número de plantas industriales que realizan auditorías energéticas anualmente.\nAhorro de costos logrado mediante las mejoras recomendadas en las auditorías (%).\nTiempo promedio para implementar medidas de eficiencia energética después de la auditoría (meses).,['local'],,,,,,,,,
icare_0082,Implementar la captura y almacenamiento de carbono (CCS),{mitigation},,{ippu},{product_use},{},"La Captura y Almacenamiento de Carbono (CCS) consiste en capturar CO₂ de procesos industriales, generación de energía o de la atmósfera y almacenarlo en formaciones geológicas durante milenios. La CCS puede permitir emisiones casi nulas o negativas cuando se combina con biocombustibles de origen sostenible o captura directa del aire. Aplicar la CCS principalmente a emisiones residuales o de proceso (por ejemplo, calcinación) después de haber implementado medidas de eficiencia, circularidad y electrificación donde sea factible.",2,1,1,1,0,0,1,,,,,20-39,,,high,>10 years,"Provisión de incentivos, como exenciones fiscales o subsidios, para hacer que las tecnologías de energía renovable sean más asequibles para las industrias.\nDesarrollo de infraestructura para la integración de energía renovable en las operaciones industriales existentes, incluyendo soluciones de almacenamiento de energía.\nAsistencia técnica y capacitación para las partes interesadas de la industria para facilitar la transición hacia fuentes de energía renovable.",Número de industrias que adoptan fuentes de energía renovable.\nCapacidad instalada de energía renovable en operaciones industriales (MW).\nReducción en el costo promedio de energía para las industrias que hicieron la transición a energías renovables (%).,['local'],,,,,,,,,
icare_0099,Aumentar la participación local en los Programas de Certificación Agroecológica,{mitigation},,{afolu},{agriculture_forestry_and_fishing_activities},{},"Las certificaciones de productos agroecológicos confirman que los productos cumplen con criterios de sostenibilidad y tienen un bajo impacto ambiental. Las certificaciones pueden ayudar a los productores rurales a comprender las prácticas sostenibles, mejorar su uso de prácticas sostenibles e incrementar la demanda de sus productos. Las acciones incluyen crear un programa local dedicado, iniciar una alianza con un programa de certificación existente o aumentar la concienciación sobre las opciones de certificación y las vías de cumplimiento entre los productores locales.",1,1,2,1,0,0,2,,,,,,20-39,,low,<5 years,"Desarrollo de normas de certificación claras y accesibles para productos agroecológicos que destaquen la sostenibilidad y el bajo impacto ambiental.\nApoyo a agricultores y productores para cumplir con los requisitos de certificación mediante capacitación, asistencia financiera o asesoría técnica.\nCreación de estrategias de marketing y alianzas para aumentar la visibilidad y la demanda de productos agroecológicos certificados en los mercados locales y globales.","Número de agricultores o productores que obtienen certificaciones agroecológicas.\nPorcentaje de productos agrícolas certificados en el mercado (%).\nReducción en el uso de insumos sintéticos (por ejemplo, fertilizantes, pesticidas).",['local'],,,,,,,,,
icare_0101,Acelerar la adopción de maquinaria agrícola de cero emisiones,{mitigation},,{afolu},{agriculture_forestry_and_fishing_activities},{},"Apoyar la transición hacia maquinaria agrícola de cero emisiones, como tractores y equipos impulsados por electricidad renovable o energía solar. Estas tecnologías eliminan las emisiones de gases de efecto invernadero, reducen la contaminación atmosférica y acústica perjudicial, y ofrecen oportunidades para modernizar y mejorar las herramientas y prácticas agrícolas. Las ciudades y regiones pueden tomar múltiples acciones para acelerar esta transición, incluyendo:\n- Reemplazar la maquinaria municipal existente por alternativas de cero emisiones.\n- Establecer esquemas de arrendamiento o compartición de equipos para aumentar la accesibilidad.\n- Lanzar campañas locales de concienciación a través de formación, educación y canales de comunicación.\n- Crear programas de incentivos financieros o préstamos para fomentar la adopción.\n- Colaborar con fabricantes y organizar ferias o demostraciones para mostrar tecnologías de cero emisiones y otras soluciones agrícolas sostenibles a los productores locales.",2,1,1,0,0,0,1,,,,,,0-19,,medium,5-10 years,Establecimiento de programas de financiación o incentivos para que los agricultores adquieran maquinaria agrícola de bajas emisiones de carbono.\nDesarrollo de alianzas con fabricantes de maquinaria para crear y distribuir soluciones de equipos sostenibles.\nImplementación de programas de capacitación y apoyo para ayudar a los agricultores a integrar y mantener maquinaria agrícola de bajas emisiones de carbono.,Reducción de emisiones de la maquinaria agrícola (toneladas de CO₂e/año).\nNúmero de subsidios o incentivos otorgados para maquinaria de bajas emisiones.\nPorcentaje de agricultores capacitados para operar maquinaria de bajas emisiones.,['local'],,,,,,,,,
icare_0104,Adoptar sistemas híbridos de energía renovable (solar-eólica),{mitigation},,{stationary_energy},{energy_generation_supplied_to_the_grid},{},"Combinar tecnologías de energía solar y eólica para crear sistemas de energía renovable fiables y diversificados, adecuados para diversas condiciones ambientales.",0,0,0,0,0,0,1,,20-39,,,,,,high,>10 years,Disponibilidad de recursos financieros para invertir en sistemas e infraestructuras combinados de energía solar y eólica\nAcceso a experiencia técnica para diseñar e implementar sistemas híbridos de energía renovable adaptados a condiciones ambientales específicas\nDesarrollo de políticas y marcos regulatorios de apoyo para integrar tecnologías solares y eólicas en la red eléctrica y garantizar su funcionamiento eficiente,Capacidad total instalada de sistemas híbridos (MW).\nPorcentaje de la demanda energética cubierta por sistemas híbridos.\nReducción anual de emisiones de GEI (toneladas de CO₂e).,['state'],,,,,,,,,
icare_0105,Reducir las pérdidas técnicas en las redes de distribución de energía,{mitigation},,{stationary_energy},{energy_industries},{},"Actualizar y mantener la infraestructura eléctrica para minimizar la energía perdida durante la transmisión y distribución, mejorando la eficiencia general de la red.",2,0,0,1,0,0,1,,0-19,,,,,,medium,5-10 years,Disponibilidad de financiamiento para invertir en la modernización de la infraestructura eléctrica y la mejora de las redes de transmisión y distribución\nAcceso a experiencia técnica para implementar mejoras que reduzcan las pérdidas de energía y mejoren la eficiencia de la red\nMarcos normativos y regulatorios para asegurar el mantenimiento continuo y la integración de tecnologías energéticamente eficientes en la infraestructura de la red,Reducción porcentual de pérdidas técnicas desde la línea base (%).\nAhorro de energía logrado anualmente (kWh).\nEmisiones de GEI evitadas mediante la reducción de pérdidas de energía (toneladas de CO₂e).,['state'],,,,,,,,,
icare_0110,"Regular la gestión de residuos de construcción y demolición para mejorar la deconstrucción, la segregación en origen, la reutilización y el reciclaje",{mitigation},,{waste},{disposal_of_solid_waste_generated_in_the_city},{},"Establecer directrices integrales para la gestión sostenible de los residuos de construcción y demolición (RCD) con el fin de promover la eficiencia, la circularidad y la responsabilidad ambiental en todo el sector de la construcción. La acción tiene como objetivo reducir la generación de residuos en origen, fomentar la deconstrucción selectiva en lugar de la demolición convencional y promover la segregación, reutilización y reciclaje de materiales.\n\nEstas directrices deben definir estándares técnicos, responsabilidades e incentivos para todas las partes interesadas involucradas —incluidos contratistas, desarrolladores y operadores de residuos— para asegurar que materiales valiosos como hormigón, metales, madera y áridos sean recuperados y reintegrados en nuevos ciclos de construcción. El marco también debe establecer procedimientos para la manipulación, el transporte y la disposición segura de materiales no reciclables, garantizando el cumplimiento de las normativas ambientales y minimizando el uso de vertederos.",0,1,1,0,0,0,0,,,,20-39,,,,medium,<5 years,"Desarrollar directrices claras para la gestión de residuos en la construcción, enfocándose en la reducción de residuos y la reutilización de materiales.\nPromover el uso de materiales de construcción sostenibles y los principios de la economía circular en los proyectos de construcción.\nOfrecer capacitación e incentivos a las empresas constructoras para que adopten prácticas eficientes de gestión de residuos.",Porcentaje de contratistas que cumplen con el plan de gestión.\nCantidad mensual de residuos de construcción reciclados o reutilizados (toneladas/mes).\nReducción estimada de emisiones de CO₂ equivalente debido a la gestión adecuada de residuos de construcción.,['local'],,,,,,,,,
icare_0111,Fortalecer los sistemas de Responsabilidad Extendida del Productor (EPR),{mitigation},,{waste},{disposal_of_solid_waste_generated_in_the_city},{},"Mejorar los procesos para devolver productos al ciclo de producción, fomentando la recolección, la reutilización y el reciclaje.",0,1,1,1,0,0,1,,,,20-39,,,,medium,5-10 years,"Desarrollar sistemas y políticas para facilitar la devolución de productos y su integración en el ciclo de producción.\nPromover la recolección, reutilización y reciclaje mediante campañas de concienciación pública e incentivos.\nColaborar con fabricantes, minoristas y consumidores para garantizar procesos eficientes de devolución y reciclaje.",Cantidad de productos devueltos y procesados a través de logística inversa (unidades o toneladas/mes).\nPorcentaje de sectores industriales con programas activos de logística inversa.\nReducción anual estimada de emisiones de CO₂ equivalente mediante la reutilización y el reciclaje de materiales.,['state'],,,,,,,,,
icare_0117,Mejorar los sistemas de transporte público para promover el cambio modal,{mitigation},,{transport},{on_road},{},"Implementa medidas para mejorar la cobertura, frecuencia, capacidad, velocidad, fiabilidad, accesibilidad, resiliencia, seguridad, asequibilidad, comodidad y conveniencia de los sistemas de transporte público (por ejemplo, autobuses, BRT, transporte informal, trenes urbanos). Las acciones específicas incluyen la expansión de rutas, la mejora de la frecuencia y fiabilidad del servicio, la integración de sistemas de boletaje y la garantía de accesibilidad universal. Estas mejoras incentivan a los pasajeros a cambiar del transporte motorizado privado al transporte público, reduciendo las emisiones y apoyando una movilidad más sostenible.",2,0,0,1,0,2,0,,,20-39,,,,,medium,5-10 years,Mejorar la calidad de los servicios de transporte público para atraer pasajeros del transporte motorizado privado.\nImplementar políticas e infraestructuras que respalden y mejoren la eficiencia de los sistemas de transporte público.\nPromover la concienciación sobre los beneficios ambientales del transporte público para fomentar un cambio modal y reducir las emisiones.,Aumento anual en el número de pasajeros que utilizan el sistema de autobuses municipales.\nPorcentaje de rutas de autobús con mayor fiabilidad en los tiempos de viaje.\nReducción estimada de emisiones de CO₂ equivalente debido al aumento en el uso del transporte público.,['local'],,,,,,,,,
icare_0120,"Implementar criterios e indicadores de eficiencia energética en la adquisición de bienes, servicios u obras por parte de la administración pública municipal.",{mitigation},,{stationary_energy},{non_specified_sources},{},"Los proyectos arquitectónicos para todas las renovaciones y construcciones contratadas deben ser diseñados para minimizar el uso de iluminación artificial y enfriamiento interno, permitiendo el uso de luz natural y ventilación cruzada. Deben incluir todos los usos finales de energía en los edificios municipales, promover el uso de materiales sostenibles y la adopción de principios de diseño pasivo.",0,0,0,0,0,0,1,,20-39,,,,,,low,<5 years,Diseños arquitectónicos que prioricen la luz natural y la ventilación cruzada.\nMinimización de la iluminación artificial y de las necesidades de enfriamiento interno en todas las renovaciones y construcciones.\nCumplimiento de estándares de construcción sostenible en los proyectos contratados.,Porcentaje de contratos de adquisición municipal que incluyen criterios de eficiencia energética.\nReducción en el consumo de energía de los bienes o servicios adquiridos (kWh/año).\nReducción estimada de emisiones de CO₂ equivalente mediante adquisiciones públicas energéticamente eficientes.,['local'],,,,,,,,,
icare_0121,"Incentivo para crear programas de bicicletas compartidas en áreas urbanas, con un enfoque en bicicletas eléctricas.",{mitigation},,{transport},{on_road},{},"Esta acción fomenta el establecimiento de sistemas de bicicletas compartidas en las ciudades, promoviendo específicamente el uso de bicicletas eléctricas. Estos sistemas permiten a los residentes alquilar bicicletas eléctricas para trayectos cortos, reduciendo la dependencia de los automóviles para el transporte urbano. Al integrar bicicletas eléctricas, las ciudades pueden reducir aún más las emisiones de gases de efecto invernadero, aliviar la congestión del tráfico y promover un modo de transporte más saludable y sostenible tanto para áreas urbanas como rurales. Esta iniciativa también apoya la igualdad en la movilidad, ya que hace que las bicicletas sean más accesibles para un mayor número de personas.",2,0,0,1,0,2,1,,,20-39,,,,,medium,<5 years,"Establecimiento de sistemas de bicicletas compartidas con un enfoque en bicicletas eléctricas para reducir la dependencia del automóvil.\nIntegración de bicicletas eléctricas para disminuir las emisiones de gases de efecto invernadero, aliviar la congestión del tráfico y promover el transporte sostenible.\nPromoción de la igualdad en la movilidad haciendo que las bicicletas eléctricas sean accesibles para una población más amplia.",Número de bicicletas eléctricas disponibles en los programas de bicicletas compartidas.\nAumento anual de usuarios de bicicletas compartidas.\nReducción estimada de emisiones de CO₂ equivalente por la adopción de bicicletas eléctricas compartidas.,['local'],,,,,,,,,
icare_0122,Establecer eco-parques.,{mitigation},,{waste},{land},{},"Un eco-parque es una instalación para el tratamiento mecánico y biológico de residuos sólidos urbanos, que integra diferentes tecnologías para la segregación y tratamiento de varias fracciones dentro de los residuos. Este tratamiento tiene como objetivo maximizar la recuperación de residuos secos y orgánicos y reducir el volumen de residuos que se envían a disposición final en vertederos, utilizando tecnologías como la generación de energía, el compostaje, la recuperación de materiales reciclables, la disposición adecuada de residuos residuales y otros métodos de tratamiento existentes en el mercado. Al integrar estos procesos, los eco-parques operan como centros multi-tecnológicos para la gestión de residuos, fomentando sinergias entre la reducción de residuos, la recuperación de energía y la protección ambiental para las ciudades. También contribuyen a la creación de empleos verdes, la mitigación del cambio climático y la sostenibilidad urbana.",1,1,2,0,1,0,0,,,,20-39,,,,medium,<5 years,"Implementación de eco-parques para el tratamiento mecánico y biológico de residuos sólidos urbanos.\nIntegración de tecnologías como generación de energía, compostaje, recuperación de materiales reciclables y disposición adecuada de residuos residuales.\nMaximización de la recuperación de residuos secos y orgánicos para reducir los volúmenes de disposición en vertederos.",Superficie total cubierta por eco-parques en la ciudad (hectáreas).\nAumento en el número de visitantes a los eco-parques anualmente.\nMejora en los índices de biodiversidad local dentro de las áreas de eco-parques.,['local'],,,,,,,,,
icare_0127,Mejorar y acelerar la regularización ambiental de las propiedades rurales,{mitigation},,{afolu},{agriculture_forestry_and_fishing_activities},{},Implementar programas para registrar propiedades en el Registro Ambiental Rural (CAR) y cumplir con los compromisos de restauración ambiental.,1,2,1,0,0,0,1,,,,,,20-39,,medium,5-10 years,Acceso a plataformas digitales y capacitación técnica para los procesos de registro de propiedades y restauración.\nIncentivos financieros y alianzas con agencias ambientales para apoyar la implementación.\nMecanismos de monitoreo y cumplimiento para asegurar el cumplimiento de los compromisos de restauración.,Número de propiedades rurales con Registro Ambiental Rural (CAR) regularizado.\nSuperficie total de vegetación nativa protegida o restaurada en propiedades regularizadas (hectáreas).\nReducción anual de emisiones de gases de efecto invernadero (tCO₂e) debido a la regularización.,['local'],,,,,,,,,
icare_0128,Establecer programas municipales de pago por servicios ambientales y otros incentivos financieros ecológicos,{mitigation},,{afolu},{land},{},"Los incentivos financieros como préstamos, impuestos, subvenciones y reembolsos pueden ser formas efectivas de promover la conservación ecológica y prácticas más sostenibles. Los municipios pueden iniciar esquemas o ayudar a implementar programas regionales o nacionales. El Pago por Servicios Ambientales implica pagar a los propietarios de tierras por mantener o mejorar las condiciones ambientales en sus propiedades.",1,2,2,1,1,0,2,,,,,,20-39,high,medium,5-10 years,Creación de mecanismos de financiación y criterios de elegibilidad claros con indicadores de desempeño.\nAlianzas con organizaciones medioambientales y campañas de concienciación para fomentar la participación.\nIntegración con marcos legales para garantizar la sostenibilidad del programa.,Número de contratos activos de Pago por Servicios Ambientales (PSA) firmados.\nSuperficie total bajo prácticas de conservación o restauración incentivadas (hectáreas).\nCantidad de carbono secuestrado o emisiones evitadas a través de acciones de PSA (tCO₂e/año).,['local'],,,,,,,,,
icare_0131,Priorizar la adquisición de productos agroecológicos de producción local en las compras públicas,{mitigation},,{afolu},{agriculture_forestry_and_fishing_activities},{},"Centrarse en la compra de alimentos sostenibles y producidos localmente para las instituciones públicas. Acciones adicionales podrían incluir la identificación de proveedores locales confiables, la colaboración con productores y la asignación de fondos a programas más amplios de adquisiciones sostenibles, así como el establecimiento de sistemas de monitoreo para garantizar el cumplimiento de los objetivos de sostenibilidad.",1,2,2,1,0,0,2,,,,,,20-39,,low,<5 years,Desarrollo de políticas de adquisiciones e identificación de proveedores locales confiables.\nAlianzas con productores y asignación de fondos para programas de adquisiciones sostenibles.\nEstablecimiento de sistemas de monitoreo para garantizar el cumplimiento de los criterios de sostenibilidad.,Porcentaje del volumen total de compras públicas proveniente de productores agroecológicos locales.\nCantidad de emisiones de CO₂ evitadas debido a la reducción de la distancia de transporte (tCO₂e).\nNúmero de productores agroecológicos beneficiados por las compras públicas.,['local'],,,,,,,,,
icare_0132,Fomentar la producción agroecológica local y las cadenas de suministro cortas,{mitigation},,{afolu},{agriculture_forestry_and_fishing_activities},{},"Apoyar prácticas agrícolas locales y sostenibles y reducir las emisiones asociadas al transporte de alimentos. Las acciones pueden incluir incentivos para redes locales de distribución de alimentos, asociaciones con productores e inversión en infraestructura para apoyar los mercados locales y políticas que prioricen métodos de transporte de bajas emisiones. Estas acciones deben estar respaldadas por otros programas que fomenten métodos de agricultura sostenible local.",1,2,1,1,0,0,2,,,,,,20-39,,low,<5 years,Incentivos para prácticas agrícolas sostenibles y desarrollo de redes locales de distribución de alimentos.\nAlianzas con productores e inversión en infraestructura para apoyar los mercados locales.\nPolíticas para priorizar métodos de transporte de bajas emisiones.,Número de productores que adoptan prácticas agroecológicas locales.\nPorcentaje de alimentos consumidos en la ciudad provenientes de cadenas cortas.\nReducción de emisiones asociadas al transporte de alimentos (tCO₂e).,['local'],,,,,,,,,
icare_0137,Reemplazar la iluminación ineficiente por tecnología LED en espacios públicos,{mitigation},,{stationary_energy},{commercial_and_institutional_buildings_and_facilities},{},"Esta acción se centra en reemplazar los sistemas de iluminación obsoletos e ineficientes en los espacios públicos por tecnología LED de bajo consumo energético. El objetivo es mejorar la eficiencia energética, reducir los costos operativos y disminuir las emisiones de carbono, contribuyendo a una infraestructura municipal más sostenible y respetuosa con el medio ambiente.",0,0,0,0,1,1,0,,20-39,,,,,,medium,<5 years,"Invertir en tecnología, desarrollar un plan de acción y asegurar financiamiento para la instalación de luces LED.\nCapacitar al personal municipal en la instalación y el mantenimiento de iluminación eficiente en el uso de energía.\nGarantizar una infraestructura de mantenimiento adecuada para maximizar el ahorro energético y reducir las emisiones.",Porcentaje de alumbrado público reemplazado por tecnología LED (%).\nReducción en el consumo de electricidad del alumbrado público (kWh/año).\nReducción de emisiones de CO₂ relacionadas con el alumbrado público (tCO₂e/año).,['local'],,,,,,,,,
icare_0139,Implementar tarifas de congestión y restricciones a los vehículos altamente contaminantes,{mitigation},,{transport},{on_road},{},"La ciudad introduce un sistema de tarificación por congestión y restricciones relacionadas (como peajes, cargos o prohibiciones) para vehículos altamente contaminantes que cubren partes significativas de la ciudad. Para garantizar la equidad y la aceptación social, las medidas de diseño pueden incluir exenciones o descuentos para conductores de bajos ingresos, reinversión de los ingresos en el transporte público y la movilidad activa, y campañas de comunicación sólidas. Si bien la tarificación por congestión puede lograr reducciones importantes de emisiones, requiere una capacidad de gobernanza sustancial y es más adecuada para áreas metropolitanas grandes.",2,0,0,-1,0,2,0,,,20-39,,,,,low,<5 years,"Establecer un marco legal claro e invertir en tecnología para la monitorización y el cumplimiento (por ejemplo, cámaras, sensores). Lanzar campañas de concienciación y asegurar la disponibilidad de transporte público eficiente o soluciones alternativas de movilidad. Colaborar con los gobiernos locales y las agencias de transporte, y establecer sistemas para monitorear y evaluar la efectividad de la política.",Reducción de emisiones de CO₂ del transporte vial urbano (tCO₂e/año).\nIngresos generados por la implementación del cobro por congestión urbana (R$).,['local'],,,,,,,,,
icare_0144,Establecer un programa de apoyo financiero para eventos climáticos extremos,{adaptation},"{droughts,heatwaves,diseases,landslides,wildfires,floods,sea_level_rise,storms}",,"{droughts,heatwaves,diseases,landslides,wildfires,floods,sea_level_rise,storms}",{},"Creación de un programa para mitigar los efectos de tragedias climáticas, incluyendo asistencia financiera a las familias afectadas, esfuerzos para aumentar el acceso a seguros contra riesgos asequibles y gestiones para asegurar recursos adicionales para la recuperación y reconstrucción, incluyendo alianzas con organismos gubernamentales estatales y federales. Las medidas de recuperación y reconstrucción deben incluir acciones adaptativas con énfasis en reconstruir mejor para resistir futuros riesgos y ayudar a los residentes a adaptar sus edificios.",0,0,0,-1,1,1,2,,,,,,,medium,medium,<5 years,Recursos financieros\nPlanes de respuesta ante emergencias\nCoordinación institucional,Número de personas asistidas\nRentabilidad\nResiliencia comunitaria,['state'],"""medium""","""medium""","""medium""","""medium""","""medium""","""medium""","""medium""","""medium""",
icare_0145,Fortalecer el sistema de salud para responder eficazmente a eventos extremos,{adaptation},"{heatwaves,diseases,landslides,floods,storms,droughts}",,"{heatwaves,diseases,landslides,floods,storms,droughts}",{},"Mejorar la infraestructura de las unidades de salud para asistir a las personas que requieren atención médica debido a impactos asociados con riesgos climáticos (víctimas del clima), como aquellas afectadas por olas de calor o inundaciones, especialmente en las áreas más vulnerables. Desarrollar planes de acción para preparar la red de salud ante situaciones extremas relacionadas con el clima.",0,0,0,0,0,0,2,,,,,,,high,high,>10 years,"Inversión en la renovación y expansión de las instalaciones de salud, asegurando que estén equipadas para manejar los impactos en la salud relacionados con el clima, especialmente en las áreas vulnerables.\nDesarrollo de planes de acción y programas de capacitación para profesionales de la salud para responder a eventos climáticos extremos como olas de calor e inundaciones.\nColaboración con autoridades locales, equipos de respuesta a emergencias y expertos en clima para crear un marco integral que prepare la red de salud ante los riesgos climáticos.",Número de centros de salud mejorados para emergencias relacionadas con el clima.\nAumento del personal sanitario capacitado en respuesta a emergencias climáticas (%).\nNúmero de lesiones relacionadas con el clima tratadas con éxito.,['national'],"""medium""","""high""","""high""",,"""medium""","""high""",,"""medium""",
icare_0154,Limpiar y desobstruir los canales de drenaje e instalar eco-barreras,{adaptation},{floods},,{floods},{},Limpieza y desobstrucción de canales en la ciudad para reducir el riesgo de inundaciones causadas por eventos de lluvias extremas. Instalación de eco-barreras para apoyar los esfuerzos de limpieza y sensibilizar sobre los residuos sólidos.,1,2,1,1,1,1,1,,,,,,,medium,medium,<5 years,Mantenimiento regular\nPrácticas adecuadas de gestión de residuos,Reducción de inundaciones\nReducción de residuos\nCostos de mantenimiento,['local'],,,"""medium""",,,,,,
icare_0156,Mejorar la implementación de huertos urbanos,{adaptation},"{heatwaves,landslides,floods}",,"{heatwaves,landslides,floods}",{},Identificar y evaluar la viabilidad de áreas adecuadas para la instalación de huertos urbanos y asegurar que los sitios elegidos cumplan con las expectativas de la comunidad.,1,0,1,1,1,0,2,,,,,,,medium,low,<5 years,"Asegurar la disponibilidad de mapas detallados de uso del suelo y datos de planificación urbana.\nInvolucrar a las comunidades locales para comprender sus necesidades y expectativas.\nEvaluar la calidad del suelo, la disponibilidad de agua y formar alianzas para apoyar el establecimiento y mantenimiento de jardines.",Número de huertos urbanos creados.\nCantidad de alimentos producidos localmente (kg/año).\nNúmero de beneficiarios directos.,['local'],,"""high""","""medium""",,"""low""",,,,
icare_0160,Establecer mecanismos para la coordinación intersectorial y la participación pública en la política climática,{adaptation},"{storms,sea_level_rise,wildfires,floods,landslides,diseases,heatwaves,droughts}",,"{storms,sea_level_rise,wildfires,floods,landslides,diseases,heatwaves,droughts}",{},"Establecer más mecanismos que permitan una mejor coordinación intersectorial y la participación pública en la política climática, incluyendo la creación de grupos de trabajo con municipios vecinos para discutir una agenda climática común.",0,0,0,0,0,0,0,,,,,,,,low,<5 years,,Número de reuniones intersectoriales realizadas por año.\nPorcentaje de la población que participa en foros climáticos (%).\nNúmero de propuestas aceptadas e implementadas a través de consultas públicas.,,"""medium""","""medium""","""low""","""low""","""low""","""low""","""low""","""medium""",
icare_0162,Fortalecer los programas de control y conservación de áreas protegidas,{adaptation},"{floods,landslides,heatwaves,diseases}",,"{floods,landslides,heatwaves,diseases}",{},"Esta acción se centra en implementar una serie de estrategias integradas para mejorar la conservación ambiental y maximizar sus beneficios, como la ampliación de áreas protegidas, el desarrollo de planes de manejo para unidades de conservación y la capacitación de guías de ecoturismo para fortalecer el turismo sostenible.",2,2,2,0,0,0,1,,,,,,,high,medium,5-10 years,Expansión de áreas protegidas para mejorar la conservación ambiental.\nElaboración de planes de manejo para unidades de conservación.\nCapacitación de guías de ecoturismo para promover el turismo sostenible.,Porcentaje de aumento en la superficie de regiones protegidas (%).\nReducción anual de las tasas de deforestación en áreas protegidas (%).\nNúmero de programas de conservación fortalecidos anualmente.,['state'],,"""medium""","""high""",,"""high""",,,"""medium""",
icare_0163,Establecer una brigada de primera respuesta contra incendios,{adaptation},{wildfires},,{wildfires},{},Creación de una Brigada de Primera Respuesta en comunidades rurales para proporcionarles capacitación y equipo para la prevención y combate de incendios.,1,0,2,1,1,1,1,,,,,,,medium,low,<5 years,Educación sobre prevención de incendios\nApoyo y recursos continuos\nSistemas de comunicación,Tiempo de respuesta\nSuperficie quemada\nEfectividad de la supresión de incendios,['state'],,,,,,,"""medium""",,
icare_0164,Mejorar el sistema de monitoreo hidrológico con estaciones de telemetría,{adaptation},"{droughts,floods,storms}",,"{droughts,floods,storms}",{},"Implementación de un sistema de monitoreo hidrológico con estaciones de telemetría para monitorear en tiempo real la precipitación, los niveles de agua y las variables meteorológicas.",0,1,1,1,1,1,1,,,,,,,high,low,<5 years,Equipamiento e infraestructura\nSistema robusto de gestión de datos\nCoordinación institucional,Puntualidad de los datos\nRentabilidad\nEficacia de mitigación,['local'],"""high""",,"""high""",,,"""high""",,,
icare_0165,Desarrollar un Plan de Educación Ambiental,{adaptation},,,,{},"Diseñar e implementar un plan integral de educación ambiental que fomente la alfabetización y la conciencia climática en escuelas, comunidades y medios de comunicación. Los gobiernos municipales pueden organizar talleres, campañas de sensibilización y actividades basadas en la naturaleza, como la plantación de árboles, para reconectar a los residentes con su entorno. El plan debe integrar temas de cambio climático, adaptación, mitigación y justicia climática, con especial atención a la juventud, las mujeres y los grupos vulnerables. Al incorporar la equidad y la inclusión, las ciudades pueden fortalecer el compromiso a largo plazo y empoderar a las comunidades para que participen en la acción climática.",0,0,0,0,0,0,2,,,,,,,medium,low,<5 years,Desarrollo curricular\nCapacitación docente\nParticipación comunitaria,Alcance y participación\nParticipación comunitaria\nInfluencia en políticas y programas,['local'],,,,,,,,,
icare_0169,Establecer un Plan de Preparación y Medidas de Respuesta ante Emergencias en caso de eventos climáticos extremos,{adaptation},"{droughts,heatwaves,diseases,landslides,floods,wildfires,sea_level_rise,storms}",,"{droughts,heatwaves,diseases,landslides,floods,wildfires,sea_level_rise,storms}",{},"Esta acción se centra en preparar al municipio para responder a eventos extremos, con el objetivo de proporcionar una respuesta rápida que minimice los impactos en la población.",1,2,2,1,0,0,2,,,,,,,high,high,5-10 years,"Desarrollo de un plan integral de respuesta a emergencias que incluya la coordinación entre autoridades locales, servicios de emergencia y organizaciones comunitarias\nInversión en sistemas de alerta temprana e infraestructura para garantizar respuestas oportunas y efectivas ante eventos extremos\nCapacitación y fortalecimiento de capacidades para los respondedores locales y las comunidades para mejorar la preparación y la resiliencia frente a eventos extremos",Número de alianzas de respuesta de emergencia establecidas.\nTiempo de respuesta promedio durante eventos climáticos extremos (horas).\nPorcentaje de reducción en víctimas y daños durante eventos climáticos extremos anualmente (%).,['local'],"""medium""","""medium""","""high""","""high""","""high""","""high""","""high""","""medium""",coastal_marine
icare_0170,Construir viviendas seguras e implementar proyectos de rehabilitación urbana para las poblaciones que viven en zonas de alto riesgo,{adaptation},"{storms,floods,landslides,heatwaves}",,"{storms,floods,landslides,heatwaves}",{},"La prioridad de esta acción es construir viviendas seguras e implementar proyectos de rehabilitación urbana para la población que vive en zonas propensas a deslizamientos e inundaciones, ya que el déficit habitacional es uno de los principales factores relacionados con estas amenazas. Esto se llevará a cabo mediante la construcción de nuevas unidades habitacionales en lugares seguros para el reasentamiento de familias, y mejoras en la infraestructura como la estabilización de taludes y la optimización de los sistemas de drenaje dentro de las comunidades vulnerables.",0,0,0,-1,2,0,1,,,,,,,high,high,>10 years,Disponibilidad de financiamiento y mecanismos financieros para apoyar la construcción de viviendas seguras en zonas de alto riesgo\nColaboración con urbanistas e ingenieros para diseñar soluciones de vivienda que sean resilientes a deslizamientos de tierra e inundaciones\nImplementación de políticas para regular el uso del suelo y prevenir asentamientos informales en áreas vulnerables a riesgos climáticos,Número de viviendas seguras construidas anualmente.\nPorcentaje de reducción de la población que vive en zonas de alto riesgo (%).\nNúmero de proyectos de rehabilitación urbana completados anualmente.,['local'],,"""medium""","""high""",,"""high""","""high""",,,
icare_0171,"Mejorar el sistema de pronóstico, monitoreo y alerta hidrometeorológica para riesgos climáticos",{adaptation},"{droughts,landslides,floods,storms}",,"{droughts,landslides,floods,storms}",{},"Esta acción tiene como objetivo ampliar los procedimientos relacionados con el sistema existente de pronóstico, monitoreo y alerta de riesgos climáticos en el municipio.",2,0,1,1,0,1,1,,,,,,,high,medium,5-10 years,,Número de estaciones meteorológicas instaladas y operativas.\nTiempo promedio entre alertas y eventos meteorológicos (horas).\nPorcentaje de reducción en los daños causados por eventos meteorológicos extremos anualmente (%).,['local'],"""low""","""high""","""high""",,"""medium""","""high""",,,
icare_0172,Desarrollar e implementar el Plan Municipal de Reducción de Riesgos (PMRR) e identificar los grupos poblacionales vulnerables a los riesgos climáticos.,{adaptation},"{landslides,floods,storms}",,"{landslides,floods,storms}",{},"Esta acción tiene como objetivo fortalecer el desarrollo del Plan Municipal de Reducción de Riesgos (PMRR) en el municipio, ya que es una herramienta de gran relevancia para la gestión de riesgos climáticos, especialmente inundaciones fluviales y deslizamientos de tierra.",0,0,0,0,0,0,2,,,,,,,high,low,<5 years,"Disponibilidad de experiencia técnica y recursos para desarrollar e implementar el Plan Municipal de Reducción de Riesgos (PMRR)\nRecolección y análisis de datos para evaluar con precisión los riesgos climáticos, especialmente relacionados con inundaciones fluviales y deslizamientos de tierra\nCompromiso político y coordinación entre diversas agencias gubernamentales para integrar el PMRR en estrategias más amplias de planificación urbana y gestión de desastres",Porcentaje de población vulnerable cubierta por el MRRP (%).\nNúmero de medidas de reducción de riesgos implementadas anualmente.\nReducción en el número de personas afectadas por desastres relacionados con el clima anualmente.,['local'],,,"""high""",,"""high""","""medium""",,,
icare_0173,Mantenimiento preventivo de los sistemas de drenaje,{adaptation},"{floods,storms}",,"{floods,storms}",{},"Mantenimiento regular y limpieza de los sistemas de drenaje urbano, incluyendo alcantarillas pluviales, redes de alcantarillado y estanques de retención, para asegurar un flujo de agua eficiente y prevenir obstrucciones que puedan causar inundaciones durante eventos de lluvias intensas.",0,1,0,1,1,1,0,,,,,,,medium,medium,5-10 years,Asignación de presupuesto para actividades de mantenimiento\nInspecciones regulares para identificar posibles problemas,Número de obstrucciones de drenaje despejadas.\nPorcentaje de sistemas de drenaje en buen estado.\nNúmero de incidentes de inundación reportados.,['local'],,,"""high""",,,"""medium""",,,
icare_0176,Desarrollar un Plan de Acción Climática,{adaptation},"{storms,sea_level_rise,wildfires,floods,landslides,diseases,heatwaves,droughts}",,"{storms,sea_level_rise,wildfires,floods,landslides,diseases,heatwaves,droughts}",{},"Un plan integral que describe las estrategias y acciones de una ciudad para mitigar las emisiones de gases de efecto invernadero y adaptarse a los impactos del cambio climático, que normalmente incluye una evaluación de los riesgos y vulnerabilidades climáticas de la ciudad, el establecimiento de objetivos de reducción de emisiones y la implementación de acciones en diversos sectores como energía, transporte, gestión de residuos y planificación urbana.",1,1,1,0,1,1,2,,,,,,,medium,low,<5 years,Voluntad política y compromiso del gobierno\nParticipación y colaboración de las partes interesadas\nFinanciamiento y recursos para la implementación,Objetivos de reducción de emisiones de gases de efecto invernadero.\nNúmero de acciones de adaptación al clima implementadas.\nInversión en proyectos de mitigación y adaptación al clima.,['local'],"""medium""","""medium""","""medium""","""medium""","""medium""","""medium""","""medium""","""medium""",
icare_0178,Redirigir el desarrollo urbano mediante la planificación espacial basada en el riesgo climático,{adaptation},{floods},,{floods},{},"Mapeo de las áreas críticas propensas a inundaciones con el objetivo de revisar y armonizar la legislación relacionada con el uso del suelo, dado el aumento de la intensidad de los impactos de eventos meteorológicos extremos.",0,1,1,0,-2,0,1,,,,,,,medium,low,<5 years,Mapeo de áreas críticas propensas a inundaciones para abordar los riesgos de eventos climáticos extremos.\nRevisión y armonización de la legislación sobre uso del suelo para mitigar los impactos de las inundaciones.\nIntegración de consideraciones de resiliencia climática en las políticas de planificación urbana.,Número de planes de zonificación y uso de suelo actualizados basados en datos cartográficos.\nReducción del tiempo de respuesta ante emergencias en áreas propensas a inundaciones mapeadas (horas).\nPorcentaje de áreas propensas a inundaciones con sistemas de alerta temprana instalados.,['local'],,,"""medium""",,,,,,
icare_0180,Ampliar las redes y corredores verdes-azules urbanos,{adaptation},"{floods,landslides,heatwaves}",,"{floods,landslides,heatwaves}",{},"Ampliar y conectar los espacios verdes urbanos y la infraestructura azul-verde (BGI) en el ámbito público. Las acciones incluyen la plantación de árboles en las calles, el establecimiento de corredores verdes/vías verdes, parques pequeños y grandes, y elementos verde-azules (bioswales, jardines de lluvia, superficies permeables) para gestionar las aguas pluviales, reducir el calor urbano, mejorar la biodiversidad y apoyar la captura de carbono. Integrar estas medidas en la planificación urbana fortalece los servicios ecosistémicos, la resiliencia y la habitabilidad.",1,1,1,0,1,0,1,,,,,,,medium,medium,<5 years,"Expansión de áreas permeables y semi-permeables en edificios administrados por la ciudad y espacios públicos.\nAdopción de soluciones basadas en la naturaleza (NbS) como la plantación de árboles urbanos, techos verdes, cisternas de agua de lluvia y biozanjas.\nAnálisis de viabilidad para pavimentos permeables y aumento de áreas verdes en las vías, junto con soluciones tradicionales de gestión de aguas pluviales como bordillos, cunetas y estanques de retención.",Reducción de la escorrentía de aguas superficiales durante eventos de lluvia (%).\nDisminución de la ocurrencia de inundaciones en áreas modificadas.\nPorcentaje de espacios públicos que cumplen con las nuevas regulaciones de superficies permeables.,['local'],,"""medium""","""high""",,"""medium""",,,,
icare_0181,Restaurar en áreas vulnerables,{adaptation},"{landslides,floods}",,"{landslides,floods}",{},"Un proyecto integral que aborda la vulnerabilidad socioambiental de un asentamiento informal. Incluye la reubicación de los residentes de zonas propensas a inundaciones, la restauración del entorno y la provisión de infraestructura y servicios sociales.",1,2,2,1,2,1,1,,,,,,,high,medium,5-10 years,Financiación adecuada\nCoordinación interinstitucional\nSeguridad en la tenencia de la tierra,Número de hogares reubicados.\nProgreso en la restauración ambiental.\nReducción del riesgo de inundaciones.,['state'],,,"""high""",,"""high""",,,,
icare_0182,Desarrollar un Plan de Forestación Urbana,{adaptation},{heatwaves},,{heatwaves},{},"Esta acción se centra en ampliar las áreas verdes en la ciudad mediante la forestación urbana. Esto incluye la plantación de árboles en aceras, plazas, edificios públicos y escuelas, así como la creación de parques ecológicos para revitalizar cursos de agua y/o restaurar bosques.",2,1,2,1,1,1,1,,,,,,,high,medium,5-10 years,Recursos hídricos\nMantenimiento a largo plazo,Área de espacios verdes creados o restaurados\nUso comunitario de los espacios verdes\nUso y conservación del agua,['local'],,"""high""",,,,,,,
icare_0183,Implementar Sistemas de Alerta Temprana Multirriesgo (MH-EWS),{adaptation},"{landslides,storms}",,"{landslides,storms}",{},"Los sistemas de alerta temprana implican la detección oportuna y la comunicación de posibles peligros relacionados con el clima, lo que permite respuestas proactivas para mitigar riesgos y mejorar la preparación de la comunidad. Esto incluye lluvias intensas y deslizamientos de tierra, utilizando una red de estaciones de telemetría para monitorear la precipitación y otras condiciones meteorológicas, con umbrales de activación claros para emitir alertas públicas (sirenas/alarmas, SMS/difusión celular, radio/megafonía) en caso de posibles inundaciones o deslizamientos de tierra.",0,1,1,1,1,1,1,,,,,,,high,medium,5-10 years,Red de monitoreo confiable\nEducación y preparación comunitaria\nCoordinación institucional,Puntualidad y precisión de las alertas\nNúmero de vidas salvadas y lesiones prevenidas\nReducción de pérdidas económicas,['state'],,,,,"""high""","""medium""",,,
icare_0184,Mejorar la estabilización de taludes y el drenaje,{adaptation},{landslides},,{landslides},{},"Esta acción consiste en estabilizar laderas y mantener o restaurar los sistemas de drenaje en zonas de colinas. Esto ayuda a prevenir deslizamientos de tierra y erosión, reduciendo el riesgo de desastres.",0,1,1,1,1,1,1,,,,,,,medium,medium,5-10 years,Estudios geotécnicos e hidrológicos\nPlanificación y regulación del uso del suelo\nMonitoreo y mantenimiento,Número de taludes estabilizados\nReducción en la ocurrencia de deslizamientos\nDesempeño de los sistemas de drenaje,['state'],,,,,"""medium""",,,,
icare_0185,Mejorar la creación de un Centro de Inteligencia Epidemiológica,{adaptation},{diseases},,{diseases},{},"Esta acción se centra en establecer un centro de inteligencia epidemiológica para monitorear los indicadores de salud pública y proporcionar información accesible a la población. Esto ayuda a tomar decisiones informadas y a proteger la salud pública, especialmente en relación con enfermedades sensibles al clima.",0,0,0,1,0,0,2,,,,,,,medium,medium,5-10 years,Implementación de un Centro de Inteligencia Epidemiológica\nRecolección de datos e infraestructura\nColaboración interinstitucional,Vigilancia de enfermedades\nPreparación del sistema de salud\nResultados de salud comunitaria,['national'],,,,,,,,"""medium""",
icare_0186,Implementar la gestión integrada de zonas costeras,{adaptation},{sea_level_rise},,{sea_level_rise},{},Esta acción describe la implementación de un plan de gestión integrada de zonas costeras para promover el desarrollo sostenible y abordar los impactos del cambio climático en las áreas costeras. Incluye medidas para mitigar los impactos del aumento del nivel del mar y la erosión costera.,1,2,2,1,1,1,2,,,,,,,high,medium,5-10 years,"Planificación y diseño integral, experiencia en construcción e ingeniería, planificación del uso del suelo, desarrollo de un sistema de datos geoespaciales para evaluar y monitorear la vulnerabilidad ambiental de diferentes secciones costeras e informar las decisiones de gestión, colaboración con expertos ambientales, autoridades locales y titulares de permisos de playa para implementar prácticas y regulaciones sostenibles en las zonas costeras.",Frecuencia y severidad de inundaciones\nCapacidad del sistema de drenaje\nCondición de la infraestructura,['national'],,"""medium""","""high""","""high""",,,,,coastal_marine
icare_0188,"Crear un Programa de Vigilancia de la Salud Ambiental relacionado con Poblaciones Expuestas a la Contaminación del Aire, Contaminación Acústica, Contaminación del Agua y Contaminación del Suelo.",{adaptation},"{droughts,heatwaves,diseases,floods}",,"{droughts,heatwaves,diseases,floods}",{},"Desarrollar acciones orientadas a promover la salud de la población expuesta a factores ambientales relacionados con contaminantes atmosféricos, acústicos y de saneamiento. Identificar y evaluar los riesgos y efectos agudos y crónicos de la exposición a fuentes fijas y móviles de contaminación del aire, ruido, agua y suelo, y actuar en la vigilancia de enfermedades derivadas de estos contaminantes a través de unidades físicas y grupos de trabajo, especialmente entre las personas más vulnerables.",0,0,0,0,0,0,0,,,,,,,,medium,5-10 years,"Inversión en sistemas de monitoreo ambiental para evaluar los niveles de contaminación del aire, ruido y agua en toda la ciudad.\nCapacitación de equipos de vigilancia sanitaria y ambiental para evaluar y abordar los riesgos asociados con la exposición a contaminantes.\nCreación de políticas y regulaciones que reduzcan la contaminación proveniente de industrias y vehículos, y promuevan tecnologías limpias en áreas vulnerables.",Reducción en los niveles de exposición a contaminantes entre las poblaciones vulnerables (%).\nFrecuencia de alertas sanitarias emitidas y atendidas.\nNúmero de personas que reciben asistencia médica debido a problemas de salud ambiental.,,"""low""","""medium""","""low""",,,,,"""high""",
