comuna_cut,region_cut,comuna,fcm_dependency_pct_2025,fet_royalty_mineria_mclp_2025,ipp_percapita_mclp_2025,poverty_casen_pct_2025,presup_percapita_mclp_2025,professionalization_pct_2025,staff_contrata_directivo_2025,staff_contrata_profesional_2025,staff_directivo_total_2025,staff_planta_directivo_2025,staff_planta_profesional_2025,staff_profesional_total_2025,staff_total_2025,fcm_dependency_pct_2024,fet_royalty_mineria_mclp_2024,ipp_percapita_mclp_2024,poverty_casen_pct_2024,presup_percapita_mclp_2024,professionalization_pct_2024,staff_contrata_directivo_2024,staff_contrata_profesional_2024,staff_directivo_total_2024,staff_planta_directivo_2024,staff_planta_profesional_2024,staff_profesional_total_2024,staff_total_2024
01101,01,Iquique,15.59,0.0,198.68,7.9,466.89,35.59,0.0,68.0,21.0,21.0,74.0,142.0,399.0,13.64,0.0,204.62,7.89,451.47,37.18,0.0,62.0,12.0,12.0,63.0,125.0,433.0
01107,01,Alto Hospicio,72.45,2026932.0,55.98,15.3,252.0,35.92,0.0,11.0,14.0,14.0,18.0,29.0,142.0,71.17,874202.0,54.33,15.26,240.24,35.53,0.0,11.0,11.0,11.0,19.0,30.0,152.0
01401,01,Pozo Almonte,46.11,450711.0,358.77,15.3,1061.76,28.46,0.0,8.0,11.0,11.0,7.0,15.0,130.0,34.35,193724.0,425.98,15.33,1196.12,29.37,0.0,9.0,8.0,8.0,7.0,16.0,143.0
01402,01,Camiña,98.75,312023.0,27.7,24.0,3360.08,,0.0,3.0,5.0,5.0,5.0,8.0,,94.83,131122.0,103.88,24.04,2563.58,41.38,0.0,2.0,6.0,6.0,3.0,5.0,29.0
01403,01,Colchane,83.03,292233.0,328.45,22.3,2636.8,,,,,,,,,75.33,125248.0,441.09,22.25,3148.67,,,,,,,,
01404,01,Huara,69.28,348412.0,516.09,18.1,2417.61,62.5,0.0,3.0,8.0,8.0,7.0,10.0,32.0,55.91,149311.0,741.1,18.07,2615.72,64.29,0.0,2.0,7.0,7.0,5.0,7.0,28.0
01405,01,Pica,46.69,324850.0,800.48,10.7,1868.09,,,,,,,,,33.36,139441.0,888.9,10.73,1685.16,48.39,0.0,3.0,7.0,7.0,3.0,6.0,31.0
02101,02,Antofagasta,22.97,0.0,179.55,7.2,430.4,38.65,0.0,118.0,23.0,23.0,54.0,172.0,665.0,20.78,0.0,167.31,7.23,397.93,37.4,0.0,83.0,27.0,27.0,41.0,124.0,615.0
02102,02,Mejillones,30.15,352081.0,567.8,7.1,935.83,43.12,0.0,13.0,10.0,10.0,9.0,22.0,109.0,26.6,151195.0,558.66,7.14,869.0,36.97,0.0,13.0,9.0,9.0,7.0,20.0,119.0
02103,02,Sierra Gorda,30.21,285998.0,4131.13,2.1,7554.79,41.82,0.0,28.0,11.0,11.0,12.0,40.0,110.0,15.56,122598.0,7652.77,2.11,9677.86,55.42,0.0,18.0,11.0,11.0,17.0,35.0,83.0
02104,02,Taltal,46.23,355055.0,331.28,11.5,708.66,41.75,0.0,12.0,12.0,12.0,4.0,16.0,103.0,36.87,152416.0,390.23,11.48,766.43,,,,,,,,
02201,02,Calama,39.54,0.0,148.02,8.1,443.37,26.62,0.0,35.0,13.0,13.0,13.0,48.0,293.0,33.23,0.0,144.6,8.14,411.09,,,,,,,,
02202,02,Ollagüe,70.22,278267.0,3948.89,8.7,14978.82,61.11,0.0,5.0,6.0,6.0,4.0,9.0,36.0,66.69,119072.0,4665.58,8.72,18748.56,47.06,0.0,2.0,7.0,7.0,4.0,6.0,34.0
02203,02,San Pedro De Atacama,,351406.0,,4.9,,49.58,0.0,21.0,11.0,11.0,14.0,35.0,119.0,51.46,151250.0,605.11,4.87,2062.38,47.41,0.0,20.0,9.0,9.0,17.0,37.0,116.0
02301,02,Tocopilla,65.64,449236.0,140.31,10.4,737.13,,,,,,,,,65.79,193750.0,115.12,10.43,551.91,23.58,0.0,15.0,7.0,7.0,1.0,16.0,123.0
02302,02,María Elena,37.94,288667.0,741.16,5.6,1570.99,48.84,0.0,5.0,7.0,7.0,2.0,7.0,43.0,26.17,123710.0,1021.38,5.55,2075.2,36.67,0.0,7.0,5.0,5.0,2.0,9.0,60.0
03101,03,Copiapó,42.59,0.0,149.08,7.2,359.2,28.75,0.0,41.0,10.0,10.0,29.0,70.0,327.0,40.38,0.0,149.08,7.23,314.46,21.58,0.0,79.0,14.0,14.0,27.0,106.0,292.0
03102,03,Caldera,76.47,376278.0,170.54,4.1,934.59,23.94,0.0,8.0,12.0,12.0,7.0,15.0,142.0,73.55,159595.0,177.48,4.11,821.09,26.95,0.0,9.0,10.0,10.0,7.0,16.0,141.0
03103,03,Tierra Amarilla,44.5,334109.0,354.14,6.9,883.41,29.57,0.0,9.0,9.0,9.0,8.0,17.0,115.0,33.29,143846.0,516.81,6.87,910.51,,,,,,,,
03201,03,Chañaral,63.94,363869.0,218.04,11.5,670.26,42.24,0.0,9.0,8.0,8.0,4.0,13.0,116.0,53.16,156584.0,235.37,11.46,593.31,27.5,0.0,12.0,9.0,9.0,4.0,16.0,120.0
03202,03,Diego De Almagro,47.66,326903.0,354.12,5.7,781.71,34.75,0.0,8.0,11.0,11.0,8.0,16.0,141.0,37.31,140381.0,384.54,5.68,806.39,34.07,0.0,8.0,6.0,6.0,10.0,18.0,135.0
03301,03,Vallenar,63.88,634398.0,116.99,10.7,376.87,57.5,0.0,16.0,10.0,10.0,17.0,33.0,120.0,60.44,260167.0,109.02,10.73,323.43,40.82,0.0,17.0,11.0,11.0,18.0,35.0,147.0
03302,03,Alto Del Carmen,71.76,333588.0,219.11,15.1,1790.72,58.82,0.0,4.0,12.0,12.0,6.0,10.0,51.0,68.21,143177.0,230.59,15.06,1085.88,58.0,0.0,6.0,11.0,11.0,6.0,12.0,50.0
03303,03,Freirina,76.7,328337.0,142.02,13.4,833.23,42.11,0.0,3.0,6.0,6.0,0.0,3.0,57.0,70.03,140839.0,166.35,13.39,755.01,36.67,0.0,0.0,7.0,7.0,0.0,0.0,60.0
03304,03,Huasco,68.51,353769.0,204.34,11.4,776.39,51.06,0.0,5.0,8.0,8.0,10.0,15.0,47.0,61.88,152211.0,206.17,11.37,642.5,30.77,0.0,5.0,7.0,7.0,7.0,12.0,52.0
04101,04,La Serena,30.62,0.0,143.71,5.9,427.67,40.78,0.0,62.0,21.0,21.0,91.0,153.0,689.0,30.75,0.0,135.82,5.93,406.77,41.9,0.0,81.0,22.0,22.0,94.0,175.0,716.0
04102,04,Coquimbo,40.45,0.0,175.49,7.1,332.99,35.84,0.0,69.0,28.0,28.0,79.0,148.0,385.0,39.88,0.0,169.69,7.06,327.54,44.28,0.0,71.0,28.0,28.0,88.0,159.0,542.0
04103,04,Andacollo,76.68,350913.0,142.5,10.5,699.17,35.71,0.0,0.0,15.0,15.0,2.0,2.0,70.0,73.74,150922.0,131.5,10.45,578.44,39.39,0.0,4.0,7.0,7.0,2.0,6.0,66.0
04104,04,La Higuera,69.97,335710.0,387.11,10.7,1825.67,35.85,0.0,8.0,6.0,6.0,3.0,11.0,53.0,59.73,145981.0,468.26,10.75,1752.91,32.14,0.0,9.0,7.0,7.0,3.0,12.0,56.0
04105,04,Paiguano,76.85,309724.0,245.67,8.3,1621.81,73.33,0.0,6.0,6.0,6.0,2.0,8.0,45.0,62.85,132811.0,443.72,8.29,1933.35,47.73,0.0,5.0,7.0,7.0,2.0,7.0,44.0
04106,04,Vicuña,75.89,495849.0,103.2,10.9,623.62,39.26,0.0,11.0,11.0,11.0,17.0,28.0,163.0,74.32,214084.0,100.93,10.91,454.33,39.53,0.0,7.0,14.0,14.0,17.0,24.0,172.0
04201,04,Illapel,80.55,597595.0,67.48,8.1,407.21,29.52,0.0,2.0,36.0,36.0,3.0,5.0,105.0,74.16,257065.0,81.78,8.05,362.31,,,,,,,,
04202,04,Canela,81.65,347304.0,117.99,16.3,796.51,35.82,0.0,4.0,8.0,8.0,11.0,15.0,67.0,73.3,149275.0,125.74,16.31,538.4,32.84,0.0,3.0,7.0,7.0,13.0,16.0,67.0
04203,04,Los Vilos,79.45,418812.0,142.96,8.5,919.33,41.03,0.0,27.0,13.0,13.0,14.0,41.0,156.0,76.85,179627.0,144.22,8.45,753.07,45.24,0.0,19.0,12.0,12.0,13.0,32.0,126.0
04204,04,Salamanca,63.59,452716.0,143.07,9.1,552.18,25.0,0.0,8.0,7.0,7.0,2.0,10.0,76.0,55.75,195319.0,147.23,9.11,419.51,,,,,,,,
04301,04,Ovalle,66.15,1217019.0,87.11,9.5,348.38,35.9,0.0,15.0,11.0,11.0,15.0,30.0,195.0,65.21,489532.0,85.06,9.51,322.96,36.97,0.0,11.0,15.0,15.0,16.0,27.0,211.0
04302,04,Combarbalá,90.01,484089.0,52.45,11.0,583.47,40.98,0.0,8.0,8.0,8.0,4.0,12.0,61.0,87.76,208577.0,54.85,10.99,521.05,33.33,0.0,7.0,9.0,9.0,4.0,11.0,63.0
04303,04,Monte Patria,86.19,747389.0,51.84,12.8,460.48,34.06,0.0,10.0,9.0,9.0,11.0,21.0,138.0,81.81,343193.0,59.0,12.77,371.38,35.94,0.0,11.0,10.0,10.0,11.0,22.0,128.0
04304,04,Punitaqui,84.72,393269.0,76.35,14.5,564.43,36.59,0.0,5.0,8.0,8.0,2.0,7.0,41.0,82.09,190309.0,76.29,14.46,477.8,37.5,0.0,5.0,8.0,8.0,2.0,7.0,40.0
04305,04,Río Hurtado,85.62,319400.0,133.87,7.8,1134.99,54.55,0.0,8.0,9.0,9.0,3.0,11.0,55.0,81.34,137189.0,149.73,7.77,1027.89,62.5,0.0,8.0,8.0,8.0,3.0,11.0,48.0
05101,05,Valparaíso,54.58,1557721.0,107.85,7.4,434.95,32.79,0.0,102.0,18.0,18.0,127.0,229.0,866.0,53.63,0.0,104.84,7.38,409.07,32.05,0.0,108.0,21.0,21.0,95.0,203.0,855.0
05102,05,Casablanca,23.61,376678.0,361.44,8.2,584.3,36.0,0.0,8.0,12.0,12.0,9.0,17.0,125.0,22.82,161829.0,337.62,8.22,554.88,36.76,0.0,7.0,13.0,13.0,10.0,17.0,136.0
05103,05,Concón,14.78,320317.0,342.66,2.7,539.95,45.33,0.0,19.0,21.0,21.0,12.0,31.0,150.0,15.65,137542.0,300.83,2.72,457.12,46.41,0.0,20.0,12.0,12.0,14.0,34.0,153.0
05104,05,Juan Fernández,92.0,284544.0,185.42,2.5,2913.68,32.35,0.0,0.0,6.0,6.0,1.0,1.0,34.0,93.64,119838.0,134.03,2.47,3301.57,34.38,0.0,0.0,7.0,7.0,1.0,1.0,32.0
05105,05,Puchuncaví,35.72,341492.0,423.23,3.3,826.08,,,,,,,,,31.69,146733.0,402.92,3.29,759.38,29.0,0.0,6.0,10.0,10.0,12.0,18.0,100.0
05107,05,Quintero,77.73,437006.0,135.06,7.7,716.48,38.81,0.0,54.0,12.0,12.0,6.0,60.0,201.0,79.59,189142.0,119.93,7.72,622.11,39.29,0.0,45.0,16.0,16.0,3.0,48.0,196.0
05109,05,Viña Del Mar,10.98,0.0,291.87,6.5,378.34,36.05,0.0,174.0,38.0,38.0,99.0,273.0,1287.0,10.95,0.0,278.56,6.48,411.49,100.0,0.0,175.0,41.0,41.0,105.0,280.0,280.0
05201,05,Isla De Pascua,99.14,392009.0,27.32,5.4,3206.21,31.25,0.0,0.0,14.0,14.0,10.0,10.0,96.0,99.2,170841.0,22.86,5.43,2910.45,28.95,0.0,2.0,14.0,14.0,10.0,12.0,114.0
05301,05,Los Andes,63.28,648326.0,105.22,8.1,347.61,38.24,0.0,28.0,16.0,16.0,25.0,53.0,238.0,60.59,264367.0,100.72,8.13,312.65,36.2,0.0,25.0,21.0,21.0,23.0,48.0,221.0
05302,05,Calle Larga,43.84,344609.0,263.71,7.0,909.59,34.62,0.0,11.0,6.0,6.0,3.0,14.0,78.0,47.53,146343.0,190.76,7.0,602.3,,,,,,,,
05303,05,Rinconada,,320891.0,,8.1,,,,,,,,,,24.51,137779.0,596.98,8.11,1299.48,35.9,1.0,4.0,6.0,5.0,4.0,8.0,39.0
05304,05,San Esteban,68.83,386817.0,99.83,8.5,390.04,44.32,0.0,2.0,11.0,11.0,4.0,6.0,88.0,65.21,165911.0,107.4,8.47,376.89,46.07,0.0,2.0,11.0,11.0,3.0,5.0,89.0
05401,05,La Ligua,71.14,501076.0,107.57,8.2,440.36,,,,,,,,,68.97,202097.0,100.35,8.18,381.59,37.39,0.0,8.0,6.0,6.0,7.0,15.0,115.0
05402,05,Cabildo,78.63,426708.0,80.55,8.9,445.43,,,,,,,,,73.81,194831.0,84.92,8.93,376.7,,,,,,,,
05403,05,Papudo,36.36,296363.0,650.88,7.3,1378.42,40.35,0.0,7.0,10.0,10.0,1.0,8.0,57.0,35.45,126583.0,606.53,7.25,1275.97,32.81,0.0,6.0,10.0,10.0,1.0,7.0,64.0
05404,05,Petorca,69.46,343356.0,169.68,4.5,847.02,32.39,0.0,12.0,7.0,7.0,2.0,14.0,71.0,65.58,147384.0,162.92,4.54,667.63,26.39,0.0,11.0,6.0,6.0,2.0,13.0,72.0
05405,05,Zapallar,8.22,0.0,2684.52,4.3,3603.27,37.01,0.0,21.0,13.0,13.0,16.0,37.0,154.0,8.74,0.0,2432.42,4.31,3431.53,31.62,0.0,13.0,7.0,7.0,15.0,28.0,136.0
05501,05,Quillota,57.68,861768.0,99.01,5.3,282.49,37.5,0.0,76.0,13.0,13.0,14.0,90.0,336.0,59.17,371378.0,89.63,5.3,274.84,37.15,0.0,72.0,11.0,11.0,16.0,88.0,323.0
05502,05,Calera,66.1,667599.0,86.93,7.1,311.68,32.16,0.0,12.0,12.0,12.0,12.0,24.0,199.0,64.93,254219.0,86.69,7.09,295.1,26.78,0.0,10.0,11.0,11.0,12.0,22.0,183.0
05503,05,Hijuelas,60.29,357324.0,143.35,9.1,431.74,40.28,0.0,10.0,8.0,8.0,7.0,17.0,72.0,58.72,153685.0,131.45,9.08,381.21,38.16,0.0,8.0,10.0,10.0,6.0,14.0,76.0
05504,05,La Cruz,59.04,403001.0,105.44,3.2,342.5,38.95,0.0,12.0,10.0,10.0,5.0,17.0,95.0,58.21,158260.0,98.07,3.17,318.82,39.13,0.0,13.0,9.0,9.0,5.0,18.0,92.0
05506,05,Nogales,67.56,372582.0,116.39,5.6,445.55,33.33,0.0,8.0,7.0,7.0,7.0,15.0,90.0,65.68,158880.0,100.77,5.56,380.94,30.34,0.0,0.0,8.0,8.0,10.0,10.0,89.0
05601,05,San Antonio,52.49,725074.0,127.21,6.6,310.71,26.95,0.0,36.0,15.0,15.0,19.0,55.0,282.0,51.54,313928.0,120.37,6.63,292.95,28.43,0.0,35.0,14.0,14.0,17.0,52.0,306.0
05602,05,Algarrobo,20.04,322296.0,605.61,6.1,963.32,23.61,0.0,29.0,11.0,11.0,4.0,33.0,216.0,20.95,138234.0,582.57,6.06,979.01,20.19,0.0,28.0,9.0,9.0,3.0,31.0,208.0
05603,05,Cartagena,86.17,522835.0,92.1,7.4,763.94,34.43,0.0,16.0,11.0,11.0,12.0,28.0,183.0,87.29,220431.0,81.55,7.42,988.52,32.81,0.0,19.0,12.0,12.0,12.0,31.0,192.0
05604,05,El Quisco,84.95,414296.0,201.0,9.0,1442.79,48.78,0.0,21.0,14.0,14.0,10.0,31.0,123.0,84.55,177774.0,184.17,8.96,1313.6,33.33,0.0,25.0,14.0,14.0,9.0,34.0,186.0
05605,05,El Tabo,88.15,408251.0,193.28,3.3,2134.36,33.82,0.0,12.0,10.0,10.0,13.0,25.0,136.0,86.79,173065.0,179.31,3.31,1427.36,38.46,1.0,16.0,13.0,12.0,13.0,29.0,130.0
05606,05,Santo Domingo,13.96,329315.0,1414.59,6.0,1897.39,39.45,0.0,20.0,19.0,19.0,29.0,49.0,218.0,12.67,0.0,1392.93,5.98,1839.97,47.22,0.0,21.0,19.0,19.0,31.0,52.0,180.0
05701,05,San Felipe,67.74,893987.0,77.92,7.0,285.27,35.5,0.0,16.0,12.0,12.0,18.0,34.0,200.0,64.72,407381.0,78.25,7.02,265.81,33.0,0.0,11.0,12.0,12.0,18.0,29.0,200.0
05702,05,Catemu,73.01,377060.0,122.17,12.0,596.36,37.18,0.0,11.0,7.0,7.0,5.0,16.0,78.0,68.57,170475.0,119.72,12.04,473.84,37.84,0.0,7.0,7.0,7.0,6.0,13.0,74.0
05703,05,Llaillay,70.74,509725.0,81.6,9.2,349.05,27.87,0.0,0.0,11.0,11.0,1.0,1.0,122.0,69.09,216172.0,81.42,9.19,350.63,28.93,0.0,0.0,13.0,13.0,1.0,1.0,121.0
05704,05,Panquehue,63.92,307870.0,183.3,9.5,724.58,50.0,0.0,3.0,11.0,11.0,3.0,6.0,68.0,60.95,132091.0,185.78,9.49,677.04,43.66,0.0,1.0,8.0,8.0,3.0,4.0,71.0
05705,05,Putaendo,79.73,463007.0,72.09,10.0,431.76,,,,,,,,,76.56,200617.0,76.51,10.03,384.24,,,,,,,,
05706,05,Santa María,64.15,366872.0,137.86,8.9,561.45,26.15,0.0,14.0,7.0,7.0,7.0,21.0,65.0,65.28,157445.0,107.65,8.9,435.03,26.52,0.0,18.0,8.0,8.0,11.0,29.0,132.0
05801,05,Quilpué,63.11,1555954.0,76.39,5.5,409.11,28.63,0.0,36.0,39.0,39.0,44.0,80.0,489.0,63.33,692759.0,71.72,5.55,398.2,29.21,0.0,57.0,36.0,36.0,46.0,103.0,558.0
05802,05,Limache,62.71,621896.0,97.52,6.9,416.57,30.97,0.0,7.0,11.0,11.0,15.0,22.0,113.0,65.95,276935.0,81.88,6.88,310.03,32.17,0.0,7.0,12.0,12.0,14.0,21.0,115.0
05803,05,Olmué,56.47,349372.0,133.83,7.5,501.32,34.57,0.0,6.0,8.0,8.0,4.0,10.0,81.0,57.83,149750.0,119.78,7.5,398.85,33.75,0.0,6.0,8.0,8.0,4.0,10.0,80.0
05804,05,Villa Alemana,71.35,1588492.0,58.03,4.4,245.44,26.59,0.0,23.0,17.0,17.0,36.0,59.0,331.0,69.92,730582.0,59.49,4.44,238.83,,,,,,,,
06101,06,Rancagua,49.0,0.0,114.56,6.3,407.47,,,,,,,,,48.18,0.0,105.31,6.33,383.58,45.3,4.0,114.0,30.0,26.0,44.0,158.0,468.0
06102,06,Codegua,63.5,343599.0,125.05,5.5,513.85,41.67,0.0,8.0,11.0,11.0,2.0,10.0,96.0,67.1,143700.0,99.92,5.55,438.84,39.77,0.0,0.0,11.0,11.0,2.0,2.0,88.0
06103,06,Coinco,81.04,332383.0,93.89,9.8,653.57,48.48,0.0,6.0,11.0,11.0,3.0,9.0,66.0,77.23,138972.0,95.91,9.82,504.93,52.11,0.0,7.0,11.0,11.0,4.0,11.0,71.0
06104,06,Coltauco,82.25,561755.0,66.48,10.0,463.72,42.34,0.0,11.0,10.0,10.0,9.0,20.0,111.0,81.29,236833.0,58.48,10.02,428.85,33.67,0.0,9.0,10.0,10.0,8.0,17.0,98.0
06105,06,Doñihue,72.35,448807.0,94.5,9.1,393.71,51.85,0.0,24.0,9.0,9.0,4.0,28.0,54.0,70.32,179270.0,86.07,9.06,340.35,50.0,1.0,17.0,10.0,9.0,4.0,21.0,60.0
06106,06,Graneros,75.05,623789.0,60.62,5.3,287.09,48.0,0.0,12.0,9.0,9.0,1.0,13.0,75.0,72.22,267082.0,59.05,5.27,250.63,,,,,,,,
06107,06,Las Cabras,40.43,384937.0,199.51,7.6,437.9,45.38,0.0,11.0,14.0,14.0,8.0,19.0,119.0,37.86,164499.0,196.11,7.58,391.08,43.59,0.0,13.0,13.0,13.0,7.0,20.0,117.0
06108,06,Machalí,38.53,391204.0,140.67,3.0,296.7,42.77,0.0,28.0,14.0,14.0,8.0,36.0,159.0,33.13,168229.0,139.27,3.04,273.18,40.3,0.0,26.0,12.0,12.0,4.0,30.0,134.0
06109,06,Malloa,71.37,356284.0,121.79,9.8,579.91,48.35,0.0,8.0,8.0,8.0,7.0,15.0,91.0,73.45,158474.0,98.36,9.79,522.92,52.38,0.0,5.0,11.0,11.0,10.0,15.0,84.0
06110,06,Mostazal,19.23,382409.0,542.99,7.3,743.4,22.38,0.0,29.0,8.0,8.0,5.0,34.0,210.0,18.22,164314.0,533.11,7.31,697.48,26.32,0.0,23.0,10.0,10.0,5.0,28.0,190.0
06111,06,Olivar,53.67,325039.0,164.2,8.0,447.58,47.3,0.0,7.0,11.0,11.0,6.0,13.0,74.0,55.45,139496.0,139.66,7.96,403.07,42.17,0.0,0.0,11.0,11.0,7.0,7.0,83.0
06112,06,Peumo,76.98,384881.0,78.92,7.7,449.3,35.48,0.0,4.0,10.0,10.0,1.0,5.0,62.0,75.95,161615.0,70.08,7.72,386.94,42.65,0.0,9.0,11.0,11.0,1.0,10.0,68.0
06113,06,Pichidegua,72.13,450816.0,90.84,10.9,421.76,38.55,0.0,10.0,7.0,7.0,10.0,20.0,83.0,71.14,193224.0,81.69,10.92,326.73,35.37,0.0,3.0,9.0,9.0,14.0,17.0,82.0
06114,06,Quinta De Tilcoco,72.24,376350.0,104.67,9.0,480.42,42.61,0.0,20.0,9.0,9.0,4.0,24.0,115.0,70.22,159484.0,99.57,9.04,403.7,39.13,0.0,21.0,10.0,10.0,3.0,24.0,115.0
06115,06,Rengo,60.94,657896.0,104.22,5.4,313.53,36.63,0.0,0.0,13.0,13.0,19.0,19.0,202.0,61.72,288954.0,93.56,5.43,270.26,,,,,,,,
06116,06,Requínoa,42.49,353701.0,177.75,3.0,357.43,39.81,0.0,15.0,10.0,10.0,9.0,24.0,108.0,37.55,151980.0,185.0,2.98,349.24,29.55,0.0,14.0,10.0,10.0,9.0,23.0,88.0
06117,06,San Vicente,66.11,666258.0,100.34,9.2,344.0,36.36,0.0,27.0,14.0,14.0,37.0,64.0,242.0,67.94,277660.0,85.1,9.2,316.96,35.95,0.0,24.0,14.0,14.0,39.0,63.0,242.0
06201,06,Pichilemu,74.05,375100.0,234.21,6.9,1003.88,42.11,0.0,7.0,14.0,14.0,24.0,31.0,152.0,74.95,162234.0,220.14,6.87,981.95,42.24,0.0,7.0,18.0,18.0,22.0,29.0,161.0
06202,06,La Estrella,48.17,290509.0,714.3,9.7,2045.32,42.86,0.0,2.0,8.0,8.0,2.0,4.0,56.0,50.29,124612.0,625.82,9.73,1585.44,44.83,0.0,2.0,8.0,8.0,2.0,4.0,58.0
06203,06,Litueche,61.4,302026.0,270.76,9.4,891.86,39.13,0.0,5.0,10.0,10.0,3.0,8.0,69.0,58.47,129861.0,252.56,9.37,766.7,55.81,0.0,5.0,8.0,8.0,4.0,9.0,43.0
06204,06,Marchihue,45.0,311752.0,420.14,9.2,1391.63,32.89,0.0,4.0,8.0,8.0,3.0,7.0,76.0,39.36,133994.0,475.44,9.15,1543.79,34.72,0.0,4.0,7.0,7.0,3.0,7.0,72.0
06205,06,Navidad,87.41,334199.0,152.16,12.3,1388.31,41.18,0.0,7.0,11.0,11.0,15.0,22.0,102.0,89.54,142267.0,120.17,12.31,1370.98,,,,,,,,
06206,06,Paredones,83.84,331100.0,130.28,14.9,1175.56,49.25,0.0,10.0,8.0,8.0,5.0,15.0,67.0,86.7,145511.0,98.46,14.94,983.25,47.06,0.0,9.0,9.0,9.0,5.0,14.0,68.0
06301,06,San Fernando,46.98,647818.0,145.33,6.8,360.46,37.11,0.0,23.0,15.0,15.0,20.0,43.0,159.0,46.96,279212.0,130.27,6.81,301.55,31.91,0.0,22.0,11.0,11.0,23.0,45.0,141.0
06302,06,Chépica,82.31,402241.0,62.54,8.9,511.67,43.48,0.0,6.0,9.0,9.0,3.0,9.0,69.0,80.47,202348.0,63.43,8.87,441.21,44.12,0.0,5.0,13.0,13.0,4.0,9.0,68.0
06303,06,Chimbarongo,72.48,616187.0,83.68,8.5,364.37,38.41,0.0,16.0,12.0,12.0,15.0,31.0,138.0,69.42,241935.0,80.05,8.53,314.78,32.35,0.0,14.0,13.0,13.0,16.0,30.0,136.0
06304,06,Lolol,74.99,325134.0,127.15,11.5,707.21,33.33,0.0,0.0,5.0,5.0,5.0,5.0,54.0,73.75,139645.0,122.0,11.46,582.11,36.73,0.0,0.0,8.0,8.0,5.0,5.0,49.0
06305,06,Nancagua,65.57,373703.0,117.82,8.9,431.58,38.36,0.0,2.0,10.0,10.0,11.0,13.0,73.0,65.21,180725.0,107.5,8.91,419.44,43.21,0.0,2.0,8.0,8.0,11.0,13.0,81.0
06306,06,Palmilla,58.17,333985.0,155.69,8.1,469.79,43.01,0.0,10.0,8.0,8.0,11.0,21.0,93.0,56.88,143513.0,147.18,8.12,422.78,41.49,0.0,10.0,10.0,10.0,12.0,22.0,94.0
06307,06,Peralillo,62.87,326990.0,145.25,7.2,587.29,42.65,0.0,5.0,10.0,10.0,6.0,11.0,68.0,62.69,140859.0,136.94,7.18,529.82,44.44,0.0,3.0,10.0,10.0,7.0,10.0,63.0
06308,06,Placilla,76.1,328798.0,108.33,9.6,574.11,45.28,0.0,6.0,10.0,10.0,12.0,18.0,53.0,74.33,139182.0,99.16,9.59,479.25,43.75,0.0,5.0,8.0,8.0,12.0,17.0,32.0
06309,06,Pumanque,77.5,296284.0,201.63,12.4,1407.36,76.67,0.0,1.0,6.0,6.0,0.0,1.0,30.0,77.83,127768.0,176.93,12.36,1096.23,53.13,0.0,2.0,6.0,6.0,0.0,2.0,32.0
06310,06,Santa Cruz,49.1,463780.0,163.96,6.7,416.18,55.56,0.0,12.0,13.0,13.0,17.0,29.0,108.0,45.9,199970.0,148.92,6.7,351.45,43.26,0.0,12.0,13.0,13.0,17.0,29.0,141.0
07101,07,Talca,46.19,0.0,119.53,5.7,266.95,35.14,0.0,55.0,18.0,18.0,46.0,101.0,444.0,48.09,0.0,110.35,5.73,253.32,33.92,0.0,0.0,18.0,18.0,47.0,47.0,451.0
07102,07,Constitución,72.24,647111.0,104.41,10.8,459.2,26.75,0.0,13.0,11.0,11.0,9.0,22.0,157.0,73.06,268462.0,92.88,10.81,419.11,27.63,0.0,16.0,11.0,11.0,10.0,26.0,152.0
07103,07,Curepto,85.08,423926.0,101.65,14.1,814.91,43.96,0.0,11.0,9.0,9.0,5.0,16.0,91.0,82.44,176171.0,96.24,14.1,676.54,42.7,0.0,12.0,8.0,8.0,6.0,18.0,89.0
07104,07,Empedrado,91.52,368128.0,84.16,12.6,1251.11,51.35,1.0,3.0,10.0,9.0,4.0,7.0,37.0,89.34,157616.0,90.02,12.59,1049.53,50.0,1.0,3.0,9.0,8.0,4.0,7.0,34.0
07105,07,Maule,78.51,1138092.0,48.48,9.1,269.93,34.65,0.0,17.0,10.0,10.0,5.0,22.0,101.0,77.08,468631.0,47.39,9.07,250.23,32.98,0.0,16.0,9.0,9.0,5.0,21.0,94.0
07106,07,Pelarco,27.57,334549.0,880.43,11.8,2563.32,35.87,2.0,15.0,10.0,8.0,6.0,21.0,92.0,26.48,143890.0,780.86,11.78,2277.09,34.69,0.0,16.0,8.0,8.0,6.0,22.0,98.0
07107,07,Pencahue,69.91,342490.0,153.35,11.7,663.85,31.34,0.0,5.0,10.0,10.0,2.0,7.0,67.0,65.47,145932.0,166.15,11.69,656.69,32.39,0.0,5.0,10.0,10.0,4.0,9.0,71.0
07108,07,Río Claro,48.87,358163.0,227.7,9.4,644.74,39.74,0.0,10.0,9.0,9.0,4.0,14.0,78.0,45.19,153649.0,236.9,9.4,645.04,37.08,0.0,11.0,9.0,9.0,4.0,15.0,89.0
07109,07,San Clemente,71.68,737577.0,93.13,10.5,398.77,49.39,0.0,23.0,14.0,14.0,20.0,43.0,164.0,73.44,307277.0,76.26,10.53,361.86,46.43,0.0,30.0,17.0,17.0,21.0,51.0,168.0
07110,07,San Rafael,72.62,346288.0,134.42,11.3,665.02,40.0,0.0,0.0,7.0,7.0,6.0,6.0,45.0,69.45,149195.0,126.32,11.26,551.63,47.73,0.0,6.0,8.0,8.0,7.0,13.0,44.0
07201,07,Cauquenes,78.38,829173.0,75.43,11.6,411.9,35.43,0.0,22.0,7.0,7.0,27.0,49.0,223.0,75.19,371618.0,77.89,11.57,462.02,40.38,0.0,17.0,11.0,11.0,25.0,42.0,156.0
07202,07,Chanco,87.32,422515.0,76.46,14.3,792.2,40.63,0.0,2.0,14.0,14.0,5.0,7.0,64.0,85.2,181329.0,75.24,14.32,771.18,39.71,0.0,5.0,11.0,11.0,5.0,10.0,68.0
07203,07,Pelluhue,89.88,382854.0,128.38,12.8,1562.0,49.56,0.0,9.0,12.0,12.0,16.0,25.0,113.0,89.63,163912.0,125.13,12.79,1433.23,47.79,0.0,4.0,11.0,11.0,16.0,20.0,113.0
07301,07,Curicó,47.91,0.0,119.27,7.3,274.7,35.89,0.0,37.0,16.0,16.0,65.0,102.0,613.0,47.58,0.0,112.88,7.27,259.42,17.92,0.0,34.0,17.0,17.0,59.0,93.0,586.0
07302,07,Hualañé,73.83,353923.0,130.0,9.2,755.38,42.5,0.0,5.0,9.0,9.0,7.0,12.0,80.0,71.03,152213.0,120.61,9.21,594.26,51.32,0.0,5.0,11.0,11.0,8.0,13.0,76.0
07303,07,Licantén,83.69,320599.0,179.09,7.4,1405.78,47.54,0.0,5.0,9.0,9.0,5.0,10.0,61.0,83.12,137518.0,161.07,7.35,1279.01,52.38,0.0,4.0,7.0,7.0,5.0,9.0,63.0
07304,07,Molina,72.04,720331.0,83.76,7.9,338.74,42.68,0.0,19.0,11.0,11.0,16.0,35.0,164.0,72.13,309916.0,79.58,7.87,325.47,57.67,0.0,15.0,17.0,17.0,18.0,33.0,189.0
07305,07,Rauco,72.0,351241.0,119.53,10.5,593.76,44.64,0.0,5.0,6.0,6.0,4.0,9.0,56.0,71.12,149942.0,102.03,10.47,480.2,54.17,0.0,6.0,7.0,7.0,2.0,8.0,48.0
07306,07,Romeral,50.89,359203.0,188.85,7.7,495.73,50.0,0.0,4.0,7.0,7.0,9.0,13.0,98.0,49.77,154529.0,178.4,7.65,489.03,41.24,0.0,2.0,8.0,8.0,7.0,9.0,97.0
07307,07,Sagrada Familia,43.89,371841.0,235.45,8.8,560.78,37.93,0.0,30.0,9.0,9.0,10.0,40.0,145.0,42.85,159999.0,227.29,8.76,514.8,39.22,0.0,30.0,11.0,11.0,9.0,39.0,153.0
07308,07,Teno,52.89,426225.0,132.21,7.5,344.84,44.04,0.0,18.0,11.0,11.0,15.0,33.0,109.0,54.48,183689.0,117.55,7.54,306.78,49.06,0.0,18.0,11.0,11.0,12.0,30.0,106.0
07309,07,Vichuquén,47.69,303694.0,659.98,8.7,1793.56,51.67,0.0,8.0,11.0,11.0,10.0,18.0,60.0,45.19,131026.0,655.35,8.72,1655.04,43.4,0.0,6.0,8.0,8.0,8.0,14.0,53.0
07401,07,Linares,69.11,1251682.0,84.62,8.9,317.95,37.06,0.0,15.0,17.0,17.0,20.0,35.0,313.0,68.73,521542.0,75.62,8.86,284.94,34.47,0.0,16.0,17.0,17.0,20.0,36.0,322.0
07402,07,Colbún,42.5,424324.0,298.56,11.8,942.8,18.87,0.0,5.0,10.0,10.0,5.0,10.0,53.0,42.38,182363.0,287.66,11.81,853.85,30.16,0.0,3.0,9.0,9.0,5.0,8.0,63.0
07403,07,Longaví,81.04,738684.0,68.03,11.6,453.43,30.08,0.0,6.0,10.0,10.0,15.0,21.0,123.0,82.38,324282.0,51.11,11.61,399.65,26.12,0.0,6.0,11.0,11.0,12.0,18.0,134.0
07404,07,Parral,73.5,715229.0,90.45,9.3,460.86,39.25,0.0,14.0,12.0,12.0,24.0,38.0,186.0,72.18,304905.0,81.88,9.28,358.71,40.7,0.0,13.0,22.0,22.0,15.0,28.0,199.0
07405,07,Retiro,78.89,534059.0,81.93,12.2,473.09,37.04,0.0,10.0,9.0,9.0,13.0,23.0,108.0,76.39,228400.0,74.43,12.18,357.96,,,,,,,,
07406,07,San Javier,76.24,852056.0,72.2,9.7,379.0,31.87,0.0,18.0,15.0,15.0,20.0,38.0,182.0,74.07,354829.0,72.09,9.71,356.21,32.07,0.0,21.0,9.0,9.0,24.0,45.0,184.0
07407,07,Villa Alegre,80.71,497831.0,74.45,9.8,531.52,29.76,0.0,9.0,11.0,11.0,3.0,12.0,84.0,80.17,209348.0,63.03,9.77,384.51,28.24,0.0,9.0,10.0,10.0,2.0,11.0,85.0
07408,07,Yerbas Buenas,62.76,432474.0,148.76,11.6,605.96,30.14,0.0,4.0,11.0,11.0,6.0,10.0,73.0,69.39,178166.0,85.91,11.57,413.04,28.99,0.0,2.0,9.0,9.0,6.0,8.0,69.0
08101,08,Concepción,20.28,0.0,178.66,5.4,293.46,47.37,7.0,74.0,28.0,21.0,74.0,148.0,646.0,19.89,0.0,174.08,5.41,270.75,37.86,0.0,105.0,26.0,26.0,85.0,190.0,597.0
08102,08,Coronel,52.57,950475.0,129.28,6.3,374.23,34.38,0.0,49.0,14.0,14.0,19.0,68.0,317.0,51.66,412458.0,129.63,6.28,381.79,32.56,0.0,50.0,14.0,14.0,18.0,68.0,347.0
08103,08,Chiguayante,61.49,823179.0,91.33,5.7,295.06,40.66,0.0,48.0,11.0,11.0,42.0,90.0,241.0,61.03,334295.0,89.05,5.71,289.15,44.03,0.0,45.0,17.0,17.0,33.0,78.0,243.0
08104,08,Florida,85.91,436248.0,67.55,10.8,544.14,48.05,0.0,11.0,11.0,11.0,5.0,16.0,77.0,85.99,182753.0,63.23,10.78,567.57,33.96,0.0,8.0,11.0,11.0,6.0,14.0,53.0
08105,08,Hualqui,82.38,618240.0,59.28,10.3,376.38,52.75,0.0,12.0,13.0,13.0,10.0,22.0,91.0,84.0,263906.0,49.85,10.34,353.86,52.0,0.0,15.0,15.0,15.0,10.0,25.0,100.0
08106,08,Lota,,839703.0,,8.4,,,,,,,,,,81.83,360476.0,53.64,8.42,499.3,33.33,0.0,20.0,17.0,17.0,17.0,37.0,201.0
08107,08,Penco,66.88,612765.0,89.93,6.1,328.35,45.75,0.0,12.0,10.0,10.0,25.0,37.0,212.0,67.65,261840.0,82.86,6.05,308.47,50.46,0.0,12.0,14.0,14.0,27.0,39.0,218.0
08108,08,San Pedro De La Paz,38.14,0.0,124.52,5.4,245.39,50.78,0.0,27.0,14.0,14.0,40.0,67.0,256.0,37.28,0.0,113.02,5.42,227.72,51.04,0.0,31.0,12.0,12.0,40.0,71.0,288.0
08109,08,Santa Juana,79.89,423138.0,100.63,12.8,597.91,57.45,0.0,12.0,8.0,8.0,10.0,22.0,94.0,77.14,193267.0,109.18,12.8,610.03,53.76,0.0,13.0,9.0,9.0,11.0,24.0,93.0
08110,08,Talcahuano,29.22,0.0,171.42,5.1,309.07,36.8,0.0,39.0,28.0,28.0,56.0,95.0,462.0,30.15,0.0,165.14,5.08,298.05,36.49,0.0,34.0,26.0,26.0,55.0,89.0,433.0
08111,08,Tomé,80.46,848660.0,74.6,8.0,454.52,43.52,0.0,78.0,14.0,14.0,21.0,99.0,301.0,81.25,366442.0,67.57,7.98,452.31,53.87,0.0,86.0,14.0,14.0,21.0,107.0,271.0
08112,08,Hualpén,49.46,0.0,113.88,3.2,302.27,41.89,0.0,13.0,13.0,13.0,27.0,40.0,265.0,50.74,299106.0,110.34,3.22,286.3,40.35,0.0,15.0,13.0,13.0,32.0,47.0,285.0
08201,08,Lebu,87.3,646078.0,41.93,10.5,411.57,39.66,0.0,25.0,11.0,11.0,8.0,33.0,116.0,86.97,282751.0,39.83,10.52,400.51,38.79,0.0,24.0,8.0,8.0,9.0,33.0,116.0
08202,08,Arauco,66.5,497523.0,129.94,9.2,449.56,39.31,0.0,22.0,13.0,13.0,17.0,39.0,173.0,72.72,235051.0,95.8,9.2,428.44,40.83,0.0,18.0,15.0,15.0,18.0,36.0,169.0
08203,08,Cañete,86.48,828508.0,44.99,13.3,385.82,44.44,0.0,4.0,13.0,13.0,10.0,14.0,162.0,86.09,356034.0,41.29,13.27,353.2,45.04,0.0,5.0,12.0,12.0,10.0,15.0,131.0
08204,08,Contulmo,92.27,363943.0,65.81,12.3,997.89,42.03,0.0,11.0,7.0,7.0,5.0,16.0,69.0,92.54,156711.0,60.14,12.29,976.81,44.12,0.0,12.0,7.0,7.0,5.0,17.0,68.0
08205,08,Curanilahue,78.65,637440.0,65.59,8.5,534.09,46.15,0.0,0.0,10.0,10.0,19.0,19.0,130.0,78.43,284414.0,62.94,8.48,533.35,43.4,26.0,9.0,36.0,10.0,19.0,28.0,106.0
08206,08,Los Álamos,83.51,577626.0,54.66,11.1,543.25,48.76,0.0,8.0,10.0,10.0,9.0,17.0,121.0,83.69,242264.0,47.75,11.11,541.33,44.88,0.0,7.0,9.0,9.0,10.0,17.0,127.0
08207,08,Tirúa,90.33,468634.0,51.17,20.1,577.7,51.43,0.0,0.0,9.0,9.0,7.0,7.0,70.0,90.71,206520.0,47.2,20.08,801.29,26.76,0.0,0.0,9.0,9.0,7.0,7.0,71.0
08301,08,Los Ángeles,56.31,1330408.0,107.95,8.5,288.07,42.07,0.0,69.0,14.0,14.0,66.0,135.0,599.0,53.9,578148.0,104.22,8.45,272.5,29.4,0.0,70.0,17.0,17.0,69.0,139.0,602.0
08302,08,Antuco,90.72,312294.0,115.18,14.5,1504.03,40.68,0.0,12.0,10.0,10.0,1.0,13.0,59.0,88.37,134005.0,141.63,14.45,1453.97,40.32,0.0,9.0,13.0,13.0,2.0,11.0,62.0
08303,08,Cabrero,76.95,510784.0,100.94,10.4,500.98,45.07,0.0,23.0,11.0,11.0,10.0,33.0,142.0,77.94,211437.0,92.03,10.35,466.85,43.61,0.0,20.0,11.0,11.0,8.0,28.0,133.0
08304,08,Laja,71.85,456671.0,114.17,11.3,473.97,47.06,0.0,14.0,8.0,8.0,8.0,22.0,85.0,72.62,207506.0,100.77,11.26,429.07,43.59,0.0,10.0,9.0,9.0,15.0,25.0,78.0
08305,08,Mulchén,66.24,556098.0,95.9,12.2,362.99,52.45,0.0,25.0,10.0,10.0,12.0,37.0,143.0,69.21,238733.0,81.19,12.16,326.71,43.92,0.0,20.0,11.0,11.0,12.0,32.0,148.0
08306,08,Nacimiento,66.04,491383.0,120.66,11.0,412.51,52.85,0.0,8.0,13.0,13.0,12.0,20.0,123.0,65.84,211810.0,102.78,10.97,357.62,63.44,8.0,8.0,19.0,11.0,3.0,11.0,93.0
08307,08,Negrete,78.11,355558.0,98.03,9.9,537.17,46.55,0.0,0.0,6.0,6.0,0.0,0.0,58.0,76.64,148429.0,89.03,9.95,530.56,42.11,0.0,4.0,6.0,6.0,0.0,4.0,57.0
08308,08,Quilaco,79.15,309618.0,166.58,13.0,1182.41,32.69,0.0,31.0,10.0,10.0,6.0,37.0,52.0,77.08,132569.0,170.98,13.03,924.35,26.98,0.0,3.0,9.0,9.0,6.0,9.0,63.0
08309,08,Quilleco,75.29,392260.0,120.78,13.5,678.91,52.54,0.0,6.0,11.0,11.0,1.0,7.0,59.0,79.27,165450.0,88.39,13.48,470.92,37.88,0.0,9.0,11.0,11.0,2.0,11.0,66.0
08310,08,San Rosendo,92.7,329719.0,73.4,11.0,1432.5,50.0,0.0,1.0,5.0,5.0,2.0,3.0,36.0,91.79,139767.0,77.2,10.97,1445.94,48.78,1.0,1.0,7.0,6.0,2.0,3.0,41.0
08311,08,Santa Bárbara,74.67,423223.0,92.86,14.7,434.86,41.18,0.0,0.0,10.0,10.0,9.0,9.0,68.0,73.17,176204.0,90.92,14.74,402.75,35.21,0.0,0.0,10.0,10.0,9.0,9.0,71.0
08312,08,Tucapel,75.47,392101.0,107.16,11.0,561.65,58.82,1.0,8.0,9.0,8.0,7.0,15.0,85.0,72.69,166655.0,99.67,10.95,468.85,55.95,0.0,7.0,8.0,8.0,9.0,16.0,84.0
08313,08,Yumbel,82.03,566151.0,93.89,12.6,603.83,44.34,0.0,2.0,8.0,8.0,7.0,9.0,106.0,81.69,262070.0,84.31,12.56,522.67,33.33,0.0,2.0,8.0,8.0,7.0,9.0,102.0
08314,08,Alto Biobío,80.76,321025.0,116.91,22.1,738.75,42.86,0.0,6.0,8.0,8.0,4.0,10.0,49.0,82.15,137690.0,98.68,22.11,772.8,42.17,0.0,12.0,7.0,7.0,5.0,17.0,83.0
09101,09,Temuco,45.19,0.0,136.29,8.6,324.27,38.13,0.0,75.0,20.0,20.0,117.0,192.0,758.0,46.02,0.0,131.51,8.59,311.72,39.13,0.0,83.0,20.0,20.0,115.0,198.0,828.0
09102,09,Carahue,90.61,756470.0,39.25,17.9,488.51,34.31,0.0,1.0,7.0,7.0,8.0,9.0,102.0,91.16,330047.0,33.45,17.91,421.5,34.51,0.0,2.0,10.0,10.0,8.0,10.0,113.0
09103,09,Cunco,72.8,418614.0,127.48,14.8,606.47,37.63,0.0,9.0,9.0,9.0,11.0,20.0,93.0,71.54,181956.0,111.6,14.81,527.93,37.5,0.0,9.0,8.0,8.0,8.0,17.0,96.0
09104,09,Curarrehue,91.15,381896.0,46.47,15.2,585.38,51.02,0.0,4.0,10.0,10.0,6.0,10.0,49.0,90.11,167903.0,46.15,15.22,682.56,44.19,0.0,4.0,9.0,9.0,6.0,10.0,43.0
09105,09,Freire,77.5,585294.0,83.16,14.4,429.91,38.38,0.0,2.0,11.0,11.0,4.0,6.0,99.0,77.39,267784.0,75.51,14.41,375.3,38.95,0.0,0.0,10.0,10.0,4.0,4.0,95.0
09106,09,Galvarino,88.78,486783.0,52.77,16.8,558.73,36.76,0.0,3.0,9.0,9.0,6.0,9.0,68.0,88.71,215444.0,47.8,16.76,553.52,30.14,0.0,0.0,9.0,9.0,6.0,6.0,73.0
09107,09,Gorbea,84.03,454381.0,71.55,12.8,513.18,41.86,0.0,6.0,12.0,12.0,9.0,15.0,86.0,82.49,206983.0,70.36,12.75,508.43,39.13,0.0,6.0,12.0,12.0,8.0,14.0,92.0
09108,09,Lautaro,58.25,530899.0,125.24,8.8,370.09,41.33,0.0,11.0,17.0,17.0,13.0,24.0,150.0,54.88,224740.0,123.47,8.81,361.16,60.93,0.0,8.0,16.0,16.0,13.0,21.0,151.0
09109,09,Loncoche,77.63,533961.0,84.79,12.3,438.18,24.74,0.0,16.0,7.0,7.0,8.0,24.0,194.0,76.24,246453.0,76.82,12.28,489.54,24.48,0.0,15.0,7.0,7.0,8.0,23.0,192.0
09110,09,Melipeuco,87.31,366898.0,118.86,15.7,1079.4,29.82,0.0,2.0,6.0,6.0,7.0,9.0,57.0,90.82,161392.0,72.13,15.67,998.99,36.07,0.0,8.0,7.0,7.0,4.0,12.0,61.0
09111,09,Nueva Imperial,84.66,807547.0,52.97,12.8,391.57,50.72,0.0,24.0,12.0,12.0,11.0,35.0,138.0,85.68,362614.0,44.2,12.83,370.96,55.1,0.0,22.0,13.0,13.0,11.0,33.0,147.0
09112,09,Padre Las Casas,76.89,1360172.0,58.58,12.7,326.1,41.44,0.0,13.0,13.0,13.0,9.0,22.0,181.0,75.57,579920.0,56.53,12.7,292.18,43.72,0.0,12.0,14.0,14.0,11.0,23.0,183.0
09113,09,Perquenco,83.22,340007.0,102.79,14.1,792.96,38.89,0.0,5.0,10.0,10.0,6.0,11.0,54.0,81.42,157591.0,103.91,14.14,726.88,43.1,0.0,4.0,11.0,11.0,6.0,10.0,58.0
09114,09,Pitrufquén,82.07,592500.0,67.02,10.7,435.63,46.79,0.0,21.0,9.0,9.0,5.0,26.0,109.0,82.44,261017.0,59.59,10.68,399.24,44.66,0.0,14.0,9.0,9.0,6.0,20.0,103.0
09115,09,Pucón,18.53,372666.0,499.05,8.2,699.26,38.94,0.0,17.0,17.0,17.0,24.0,41.0,208.0,18.44,159950.0,459.54,8.16,638.58,37.33,0.0,16.0,20.0,20.0,24.0,40.0,217.0
09116,09,Saavedra,93.53,526959.0,36.69,24.3,753.21,32.58,0.0,2.0,13.0,13.0,8.0,10.0,89.0,92.68,234556.0,35.76,24.28,568.07,34.09,0.0,3.0,13.0,13.0,14.0,17.0,88.0
09117,09,Teodoro Schmidt,87.91,577309.0,58.09,19.9,530.29,38.36,0.0,3.0,12.0,12.0,4.0,7.0,73.0,90.85,247835.0,35.22,19.93,466.37,34.67,0.0,3.0,12.0,12.0,5.0,8.0,75.0
09118,09,Toltén,91.78,438903.0,49.49,16.8,662.56,23.64,0.0,4.0,9.0,9.0,7.0,11.0,55.0,91.76,190774.0,44.92,16.79,622.74,27.94,0.0,4.0,9.0,9.0,6.0,10.0,68.0
09119,09,Vilcún,76.68,641622.0,77.94,11.7,416.24,36.0,0.0,9.0,12.0,12.0,7.0,16.0,125.0,75.24,267634.0,72.61,11.71,350.01,35.16,0.0,9.0,12.0,12.0,7.0,16.0,128.0
09120,09,Villarrica,40.35,529184.0,164.46,7.7,339.56,34.65,0.0,9.0,11.0,11.0,22.0,31.0,228.0,39.93,227384.0,162.55,7.67,336.37,35.74,0.0,8.0,13.0,13.0,22.0,30.0,235.0
09121,09,Cholchol,89.58,501269.0,48.07,19.7,573.36,40.0,0.0,3.0,8.0,8.0,7.0,10.0,70.0,88.32,207030.0,46.83,19.69,508.83,44.62,0.0,2.0,8.0,8.0,7.0,9.0,65.0
09201,09,Angol,76.27,876374.0,73.15,9.0,358.97,21.5,0.0,28.0,11.0,11.0,16.0,44.0,200.0,76.51,376258.0,67.33,9.03,335.45,31.58,0.0,28.0,11.0,11.0,14.0,42.0,228.0
09202,09,Collipulli,66.05,450518.0,118.77,13.1,435.23,42.03,0.0,8.0,9.0,9.0,5.0,13.0,69.0,66.17,193522.0,106.8,13.14,357.95,45.33,0.0,6.0,9.0,9.0,5.0,11.0,75.0
09203,09,Curacautín,,468003.0,,10.9,,45.33,0.0,5.0,9.0,9.0,4.0,9.0,75.0,82.18,198031.0,80.97,10.93,508.15,31.18,0.0,1.0,9.0,9.0,6.0,7.0,93.0
09204,09,Ercilla,87.83,386434.0,68.18,17.8,645.03,40.68,0.0,3.0,8.0,8.0,4.0,7.0,59.0,89.5,168496.0,52.38,17.85,630.73,38.71,0.0,2.0,9.0,9.0,4.0,6.0,62.0
09205,09,Lonquimay,88.73,433996.0,65.88,18.4,655.32,39.66,0.0,7.0,8.0,8.0,5.0,12.0,58.0,90.15,191072.0,50.19,18.36,619.77,37.74,0.0,6.0,7.0,7.0,5.0,11.0,53.0
09206,09,Los Sauces,84.11,363879.0,98.5,17.4,782.25,41.27,0.0,6.0,8.0,8.0,7.0,13.0,63.0,83.88,154099.0,88.9,17.36,743.95,35.29,0.0,5.0,12.0,12.0,5.0,10.0,68.0
09207,09,Lumaco,89.91,450328.0,52.86,21.5,611.39,31.15,0.0,3.0,10.0,10.0,6.0,9.0,61.0,89.41,197119.0,47.7,21.47,549.77,32.81,0.0,3.0,11.0,11.0,6.0,9.0,64.0
09208,09,Purén,88.93,467528.0,55.03,12.9,608.78,45.83,0.0,23.0,13.0,13.0,11.0,34.0,120.0,88.92,200452.0,47.25,12.95,519.77,36.79,0.0,20.0,8.0,8.0,8.0,28.0,106.0
09209,09,Renaico,76.1,353155.0,108.89,12.5,546.81,42.86,0.0,6.0,10.0,10.0,5.0,11.0,70.0,74.28,152422.0,106.47,12.48,505.18,39.68,0.0,3.0,10.0,10.0,5.0,8.0,63.0
09210,09,Traiguén,81.1,489006.0,81.17,14.1,544.56,53.77,0.0,13.0,14.0,14.0,8.0,21.0,106.0,81.45,214727.0,75.38,14.15,570.46,57.39,0.0,13.0,17.0,17.0,10.0,23.0,115.0
09211,09,Victoria,76.33,628928.0,80.47,14.3,383.6,25.34,0.0,13.0,7.0,7.0,3.0,16.0,146.0,74.06,275029.0,80.8,14.35,371.6,24.82,0.0,14.0,9.0,9.0,4.0,18.0,141.0
10101,10,Puerto Montt,35.49,0.0,168.75,6.5,301.0,44.03,0.0,131.0,32.0,32.0,155.0,286.0,829.0,38.04,0.0,152.47,6.5,288.89,39.02,0.0,68.0,34.0,34.0,145.0,213.0,756.0
10102,10,Calbuco,62.34,455992.0,115.05,8.5,353.27,38.75,0.0,7.0,15.0,15.0,13.0,20.0,160.0,62.79,193359.0,104.69,8.51,320.65,31.69,0.0,5.0,12.0,12.0,12.0,17.0,142.0
10103,10,Cochamó,77.0,298494.0,189.44,10.8,1099.34,34.15,0.0,2.0,6.0,6.0,6.0,8.0,41.0,78.4,128382.0,157.48,10.8,879.14,42.22,0.0,2.0,6.0,6.0,6.0,8.0,45.0
10104,10,Fresia,78.59,383841.0,79.45,11.2,487.31,45.83,0.0,3.0,9.0,9.0,7.0,10.0,72.0,79.61,169466.0,69.63,11.21,445.66,39.73,0.0,3.0,9.0,9.0,6.0,9.0,73.0
10105,10,Frutillar,,338543.0,,5.8,,36.25,0.0,4.0,7.0,7.0,8.0,12.0,80.0,39.95,146129.0,206.81,5.84,450.71,45.24,0.0,4.0,12.0,12.0,8.0,12.0,84.0
10106,10,Los Muermos,74.72,434765.0,80.86,11.6,384.89,32.81,0.0,1.0,7.0,7.0,2.0,3.0,64.0,74.4,198193.0,78.41,11.65,362.9,32.81,0.0,11.0,9.0,9.0,1.0,12.0,64.0
10107,10,Llanquihue,56.24,335718.0,130.52,5.9,385.51,54.12,0.0,3.0,11.0,11.0,5.0,8.0,170.0,54.78,145063.0,129.91,5.92,388.93,30.63,0.0,3.0,9.0,9.0,2.0,5.0,111.0
10108,10,Maullín,77.39,390861.0,97.04,12.7,623.49,30.77,0.0,6.0,6.0,6.0,1.0,7.0,52.0,75.36,164968.0,92.39,12.7,522.56,26.53,0.0,0.0,6.0,6.0,1.0,1.0,49.0
10109,10,Puerto Varas,17.69,334552.0,290.57,2.1,451.27,36.12,0.0,35.0,13.0,13.0,18.0,53.0,227.0,17.05,144175.0,287.03,2.11,440.92,37.39,0.0,39.0,13.0,13.0,18.0,57.0,238.0
10201,10,Castro,72.43,476402.0,123.9,3.2,863.92,42.33,0.0,18.0,13.0,13.0,36.0,54.0,189.0,72.46,205417.0,121.09,3.23,814.1,100.0,0.0,20.0,13.0,13.0,34.0,54.0,53.0
10202,10,Ancud,71.45,595933.0,98.95,5.5,781.86,37.24,0.0,8.0,13.0,13.0,9.0,17.0,145.0,71.08,261525.0,90.2,5.53,715.5,33.77,0.0,3.0,13.0,13.0,9.0,12.0,151.0
10203,10,Chonchi,64.67,376804.0,152.56,9.3,917.23,46.27,0.0,4.0,10.0,10.0,5.0,9.0,67.0,59.75,162233.0,157.02,9.28,871.77,40.0,0.0,4.0,10.0,10.0,5.0,9.0,70.0
10204,10,Curaco De Vélez,91.74,335199.0,69.27,9.5,1787.34,51.85,0.0,1.0,6.0,6.0,1.0,2.0,54.0,89.22,140860.0,82.6,9.45,1377.96,53.85,0.0,2.0,6.0,6.0,1.0,3.0,52.0
10205,10,Dalcahue,73.84,406533.0,115.41,9.3,951.59,40.51,0.0,6.0,7.0,7.0,9.0,15.0,79.0,73.9,172596.0,100.16,9.35,986.0,36.25,0.0,3.0,8.0,8.0,9.0,12.0,80.0
10206,10,Puqueldón,83.84,322094.0,135.62,17.8,1648.64,41.67,0.0,0.0,7.0,7.0,3.0,3.0,60.0,82.08,138327.0,128.91,17.76,1623.94,37.7,0.0,0.0,7.0,7.0,3.0,3.0,61.0
10207,10,Queilén,81.4,328218.0,124.66,12.3,1093.83,37.84,0.0,3.0,7.0,7.0,3.0,6.0,37.0,,143039.0,,12.26,,34.29,0.0,2.0,6.0,6.0,3.0,5.0,35.0
10208,10,Quellón,69.34,471179.0,91.62,9.0,727.16,33.7,0.0,1.0,12.0,12.0,16.0,17.0,92.0,66.86,191668.0,83.98,9.01,686.49,47.47,0.0,0.0,11.0,11.0,18.0,18.0,99.0
10209,10,Quemchi,78.22,346405.0,128.77,12.4,694.37,37.29,0.0,4.0,7.0,7.0,4.0,8.0,59.0,74.86,149397.0,134.53,12.38,634.1,37.7,0.0,4.0,6.0,6.0,5.0,9.0,61.0
10210,10,Quinchao,78.33,356409.0,131.17,12.4,1282.6,38.67,0.0,1.0,11.0,11.0,3.0,4.0,75.0,77.12,153154.0,124.62,12.44,1183.42,40.0,0.0,1.0,11.0,11.0,3.0,4.0,75.0
10301,10,Osorno,37.69,0.0,143.41,6.2,291.47,38.1,0.0,75.0,19.0,19.0,65.0,140.0,546.0,38.07,0.0,139.41,6.16,277.97,42.42,0.0,76.0,19.0,19.0,66.0,142.0,528.0
10302,10,Puerto Octay,60.78,305383.0,183.66,7.5,621.18,44.44,0.0,4.0,7.0,7.0,4.0,8.0,63.0,59.68,131057.0,172.29,7.53,595.75,50.0,0.0,5.0,7.0,7.0,4.0,9.0,64.0
10303,10,Purranque,63.07,370614.0,122.02,8.6,438.33,38.78,0.0,10.0,12.0,12.0,6.0,16.0,98.0,60.59,159761.0,119.78,8.59,418.6,43.53,0.0,8.0,13.0,13.0,6.0,14.0,85.0
10304,10,Puyehue,59.08,327919.0,168.78,9.6,513.73,,,,,,,,,58.1,140719.0,155.72,9.57,485.95,31.82,0.0,6.0,7.0,7.0,1.0,7.0,66.0
10305,10,Río Negro,73.43,372857.0,91.73,8.3,426.15,56.9,0.0,8.0,10.0,10.0,4.0,12.0,58.0,70.47,158918.0,96.98,8.31,409.09,51.72,0.0,9.0,8.0,8.0,5.0,14.0,58.0
10306,10,San Juan De La Costa,93.13,398517.0,57.95,12.9,1023.95,40.0,0.0,11.0,7.0,7.0,4.0,15.0,55.0,91.67,169860.0,58.22,12.85,880.15,42.0,0.0,10.0,7.0,7.0,4.0,14.0,50.0
10307,10,San Pablo,71.32,340934.0,117.75,9.8,557.19,0.0,0.0,0.0,0.0,0.0,0.0,0.0,0.0,70.02,145946.0,112.76,9.83,508.59,,,,,,,,
10401,10,Chaitén,71.16,322986.0,265.26,9.0,1269.75,32.69,0.0,1.0,9.0,9.0,3.0,4.0,52.0,69.19,139083.0,255.12,8.95,1107.5,32.0,0.0,1.0,8.0,8.0,3.0,4.0,50.0
10402,10,Futaleufú,88.02,288285.0,141.35,5.6,1719.2,52.94,0.0,1.0,8.0,8.0,5.0,6.0,34.0,87.17,123515.0,144.64,5.6,1509.65,48.39,0.0,0.0,7.0,7.0,5.0,5.0,31.0
10403,10,Hualaihué,77.56,327372.0,133.69,10.4,1047.11,50.0,0.0,5.0,9.0,9.0,5.0,10.0,74.0,74.77,141258.0,126.24,10.36,629.81,40.63,0.0,5.0,8.0,8.0,5.0,10.0,64.0
10404,10,Palena,90.5,290950.0,147.7,9.1,2279.54,42.86,0.0,0.0,6.0,6.0,3.0,3.0,35.0,90.8,124586.0,127.84,9.12,1768.42,42.42,0.0,2.0,7.0,7.0,3.0,5.0,33.0
11101,11,Coyhaique,58.43,472578.0,137.82,2.9,443.96,51.74,0.0,18.0,10.0,10.0,30.0,48.0,172.0,59.34,205026.0,130.4,2.88,441.46,41.58,0.0,17.0,10.0,10.0,30.0,47.0,202.0
11102,11,Lago Verde,83.93,283223.0,472.31,0.9,3641.51,58.33,0.0,2.0,8.0,8.0,0.0,2.0,24.0,85.15,121394.0,376.39,0.87,3152.49,33.33,0.0,3.0,15.0,15.0,0.0,3.0,12.0
11201,11,Aysén,61.11,392862.0,178.73,5.3,578.78,42.03,0.0,6.0,11.0,11.0,12.0,18.0,138.0,62.48,168178.0,161.98,5.28,545.47,44.44,0.0,5.0,10.0,10.0,11.0,16.0,135.0
11202,11,Cisnes,48.66,312874.0,506.94,5.0,1358.5,40.91,0.0,4.0,6.0,6.0,4.0,8.0,44.0,48.98,133757.0,459.52,4.95,1200.51,42.86,0.0,6.0,6.0,6.0,5.0,11.0,42.0
11203,11,Guaitecas,73.11,284335.0,524.33,6.1,2834.39,40.91,0.0,5.0,6.0,6.0,1.0,6.0,44.0,70.34,121752.0,531.07,6.05,2438.04,33.33,0.0,2.0,6.0,6.0,1.0,3.0,36.0
11301,11,Cochrane,85.67,296740.0,134.06,6.3,1525.18,71.43,0.0,2.0,6.0,6.0,0.0,2.0,14.0,85.66,128768.0,114.66,6.33,1355.7,66.67,0.0,3.0,6.0,6.0,10.0,13.0,21.0
11302,11,O´Higgins,95.31,279689.0,174.25,9.2,7840.59,63.16,0.0,0.0,6.0,6.0,0.0,0.0,19.0,93.46,119614.0,228.38,9.16,4856.01,63.16,0.0,4.0,7.0,7.0,1.0,5.0,19.0
11303,11,Tortel,95.39,279403.0,191.71,4.6,5871.56,58.33,0.0,3.0,6.0,6.0,1.0,4.0,24.0,95.93,119563.0,149.37,4.59,4744.17,58.33,0.0,3.0,6.0,6.0,2.0,5.0,24.0
11401,11,Chile Chico,86.48,304556.0,128.52,6.2,1157.23,56.25,0.0,1.0,9.0,9.0,1.0,2.0,32.0,83.65,130745.0,153.24,6.2,1037.26,50.0,0.0,2.0,6.0,6.0,1.0,3.0,30.0
11402,11,Río Ibáñez,86.57,301480.0,186.4,7.0,2303.92,54.05,0.0,5.0,9.0,9.0,2.0,7.0,37.0,86.3,128908.0,155.62,6.98,2672.94,54.29,0.0,5.0,8.0,8.0,2.0,7.0,35.0
12101,12,Punta Arenas,20.0,0.0,186.51,3.5,470.36,42.05,0.0,55.0,29.0,29.0,65.0,120.0,440.0,30.72,0.0,169.91,3.5,477.79,42.7,0.0,55.0,22.0,22.0,63.0,118.0,452.0
12102,12,Laguna Blanca,92.26,276208.0,730.44,2.3,10925.39,46.43,0.0,3.0,4.0,4.0,4.0,7.0,28.0,87.89,118185.0,1052.29,2.25,10201.41,42.86,0.0,2.0,4.0,4.0,4.0,6.0,28.0
12103,12,Río Verde,66.32,276162.0,5369.44,2.8,19819.08,57.14,0.0,0.0,6.0,6.0,4.0,4.0,35.0,63.08,118169.0,5407.36,2.82,18783.24,48.57,0.0,1.0,5.0,5.0,4.0,5.0,35.0
12104,12,San Gregorio,79.31,277830.0,872.96,8.1,5303.26,44.44,0.0,1.0,6.0,6.0,2.0,3.0,27.0,76.6,118907.0,895.2,8.06,5556.96,48.0,0.0,1.0,6.0,6.0,1.0,2.0,25.0
12201,12,Cabo De Hornos,91.99,288723.0,195.81,1.2,2865.72,41.94,0.0,0.0,5.0,5.0,1.0,1.0,31.0,90.63,123569.0,206.18,1.19,2533.61,45.45,0.0,0.0,5.0,5.0,1.0,1.0,33.0
12301,12,Porvenir,60.05,324041.0,256.26,3.6,1053.33,43.48,0.0,7.0,10.0,10.0,3.0,10.0,69.0,60.64,138414.0,229.35,3.63,652.07,39.71,0.0,7.0,7.0,7.0,4.0,11.0,68.0
12302,12,Primavera,86.08,280467.0,540.1,1.3,4430.44,52.17,0.0,2.0,7.0,7.0,1.0,3.0,23.0,89.74,119994.0,333.33,1.3,4614.09,57.14,0.0,2.0,9.0,9.0,1.0,3.0,28.0
12303,12,Timaukel,94.53,279927.0,475.33,6.4,10878.69,60.0,0.0,2.0,8.0,8.0,3.0,5.0,20.0,94.23,119636.0,446.01,6.43,10691.84,47.83,0.0,2.0,7.0,7.0,3.0,5.0,23.0
12401,12,Natales,50.0,367696.0,240.46,3.1,836.93,36.84,0.0,12.0,14.0,14.0,7.0,19.0,114.0,46.03,157371.0,217.44,3.1,724.98,33.04,0.0,9.0,12.0,12.0,7.0,16.0,112.0
12402,12,Torres Del Paine,77.34,277617.0,578.37,5.3,3251.43,48.28,1.0,12.0,9.0,8.0,1.0,13.0,29.0,78.03,118780.0,498.91,5.27,2679.99,53.85,1.0,2.0,8.0,7.0,1.0,3.0,26.0
13101,13,Santiago,9.7,0.0,233.51,3.9,399.67,20.64,0.0,206.0,45.0,45.0,0.0,206.0,1904.0,10.97,0.0,226.24,3.86,389.78,25.25,0.0,196.0,50.0,50.0,192.0,388.0,2174.0
13102,13,Cerrillos,22.57,0.0,220.22,5.2,361.6,,0.0,26.0,110.0,110.0,14.0,40.0,,22.82,0.0,212.97,5.23,347.47,32.11,0.0,30.0,22.0,22.0,39.0,69.0,299.0
13103,13,Cerro Navia,85.15,2272758.0,30.32,6.0,238.78,33.42,0.0,58.0,17.0,17.0,38.0,96.0,398.0,86.83,986089.0,25.25,6.01,231.35,35.93,0.0,69.0,16.0,16.0,41.0,110.0,423.0
13104,13,Conchalí,58.47,1220777.0,83.44,6.1,453.86,30.06,0.0,15.0,22.0,22.0,9.0,24.0,326.0,58.39,508553.0,78.67,6.08,408.08,24.35,0.0,18.0,24.0,24.0,9.0,27.0,345.0
13105,13,El Bosque,79.73,2313353.0,41.57,6.2,252.0,36.03,0.0,48.0,19.0,19.0,44.0,92.0,494.0,78.54,1002625.0,41.99,6.2,232.25,34.33,0.0,50.0,19.0,19.0,44.0,94.0,469.0
13106,13,Estación Central,34.87,0.0,114.45,5.0,234.5,24.29,0.0,75.0,19.0,19.0,54.0,129.0,597.0,34.86,0.0,109.82,5.04,222.01,23.31,0.0,73.0,15.0,15.0,56.0,129.0,652.0
13107,13,Huechuraba,8.07,0.0,400.29,4.3,514.89,47.9,0.0,92.0,27.0,27.0,75.0,167.0,453.0,8.77,0.0,365.5,4.28,471.43,47.3,0.0,97.0,29.0,29.0,73.0,170.0,482.0
13108,13,Independencia,44.99,0.0,91.17,5.8,199.23,35.01,0.0,54.0,10.0,10.0,45.0,99.0,357.0,45.81,0.0,88.38,5.83,197.08,35.96,0.0,52.0,13.0,13.0,46.0,98.0,317.0
13109,13,La Cisterna,39.52,587204.0,113.63,4.1,258.73,29.29,0.0,31.0,15.0,15.0,21.0,52.0,297.0,39.38,240295.0,111.68,4.09,255.87,34.3,0.0,36.0,16.0,16.0,24.0,60.0,309.0
13110,13,La Florida,43.1,0.0,128.37,3.5,442.2,38.28,0.0,108.0,50.0,50.0,114.0,222.0,781.0,45.43,0.0,115.96,3.53,421.05,36.25,0.0,111.0,46.0,46.0,112.0,223.0,778.0
13111,13,La Granja,80.29,1676611.0,41.93,6.0,252.49,36.05,0.0,97.0,16.0,16.0,41.0,138.0,491.0,78.43,732998.0,44.18,6.03,250.14,30.71,0.0,54.0,14.0,14.0,41.0,95.0,394.0
13112,13,La Pintana,81.19,2937514.0,42.48,9.3,265.98,30.25,0.0,56.0,23.0,23.0,63.0,119.0,529.0,82.98,1332045.0,35.54,9.29,237.6,30.17,0.0,54.0,24.0,24.0,60.0,114.0,484.0
13113,13,La Reina,7.41,0.0,336.94,1.6,547.31,33.01,0.0,2.0,13.0,13.0,56.0,58.0,415.0,7.84,0.0,312.66,1.6,510.56,25.0,0.0,49.0,11.0,11.0,52.0,101.0,404.0
13114,13,Las Condes,2.23,0.0,676.74,0.9,1334.34,50.22,0.0,194.0,76.0,76.0,212.0,406.0,1157.0,2.34,0.0,640.92,0.91,1257.33,44.48,0.0,142.0,75.0,75.0,211.0,353.0,1086.0
13115,13,Lo Barnechea,2.2,0.0,918.1,0.9,1142.53,43.49,0.0,136.0,53.0,53.0,108.0,244.0,561.0,2.24,0.0,901.45,0.9,1090.04,57.5,0.0,160.0,50.0,50.0,90.0,250.0,553.0
13116,13,Lo Espejo,76.86,1426923.0,50.7,6.8,269.42,36.59,0.0,39.0,8.0,8.0,19.0,58.0,276.0,78.77,607141.0,42.4,6.78,252.81,,,,,,,,
13117,13,Lo Prado,83.54,1569166.0,35.87,5.3,586.07,31.45,0.0,31.0,15.0,15.0,35.0,66.0,337.0,82.74,703768.0,35.16,5.33,525.96,27.4,0.0,32.0,14.0,14.0,34.0,66.0,354.0
13118,13,Macul,22.01,0.0,146.0,3.5,427.45,34.6,0.0,45.0,20.0,20.0,44.0,89.0,367.0,23.01,0.0,142.12,3.47,415.02,40.58,0.0,46.0,25.0,25.0,42.0,88.0,382.0
13119,13,Maipú,60.97,4146779.0,81.68,3.3,308.9,25.96,0.0,73.0,35.0,35.0,83.0,156.0,836.0,60.15,1669703.0,78.76,3.25,297.47,21.38,0.0,82.0,26.0,26.0,62.0,144.0,814.0
13120,13,Ñuñoa,8.36,0.0,183.4,1.5,330.81,44.39,0.0,84.0,24.0,24.0,83.0,167.0,588.0,8.82,0.0,173.8,1.49,316.63,42.69,0.0,78.0,26.0,26.0,85.0,163.0,588.0
13121,13,Pedro Aguirre Cerda,70.4,1281263.0,62.58,5.5,271.05,37.79,0.0,47.0,14.0,14.0,21.0,68.0,299.0,68.58,549456.0,63.75,5.47,259.52,31.56,0.0,34.0,16.0,16.0,23.0,57.0,301.0
13122,13,Peñalolén,33.32,0.0,145.16,3.2,494.84,34.0,0.0,71.0,25.0,25.0,71.0,142.0,547.0,34.96,0.0,134.19,3.24,476.56,33.33,0.0,75.0,30.0,30.0,74.0,149.0,603.0
13123,13,Providencia,3.2,0.0,648.87,1.3,1228.61,44.16,0.0,155.0,99.0,99.0,134.0,289.0,1019.0,3.38,0.0,612.42,1.32,1174.13,42.58,0.0,142.0,98.0,98.0,137.0,279.0,1024.0
13124,13,Pudahuel,27.8,0.0,210.55,4.4,498.39,39.57,0.0,66.0,21.0,21.0,46.0,112.0,422.0,28.18,0.0,205.76,4.37,491.79,37.72,0.0,56.0,22.0,22.0,51.0,107.0,403.0
13125,13,Quilicura,19.54,0.0,195.19,5.2,277.58,30.08,0.0,44.0,13.0,13.0,52.0,96.0,472.0,20.23,0.0,181.45,5.22,262.34,29.59,0.0,48.0,14.0,14.0,57.0,105.0,463.0
13126,13,Quinta Normal,49.6,0.0,89.2,2.1,359.55,35.91,0.0,34.0,14.0,14.0,35.0,69.0,362.0,48.39,0.0,90.26,2.15,359.25,31.21,0.0,39.0,17.0,17.0,19.0,58.0,346.0
13127,13,Recoleta,21.97,0.0,152.31,5.1,228.61,33.47,0.0,38.0,20.0,20.0,126.0,164.0,487.0,23.01,0.0,148.2,5.14,231.22,36.74,0.0,48.0,22.0,22.0,78.0,126.0,430.0
13128,13,Renca,28.59,0.0,171.54,5.3,517.26,30.29,0.0,63.0,40.0,40.0,53.0,116.0,383.0,29.35,0.0,159.82,5.26,507.13,39.35,37.0,83.0,77.0,40.0,47.0,130.0,432.0
13129,13,San Joaquín,24.65,0.0,193.18,4.8,537.74,38.99,0.0,56.0,15.0,15.0,45.0,101.0,395.0,25.89,0.0,177.88,4.84,500.75,42.73,0.0,56.0,16.0,16.0,47.0,103.0,433.0
13130,13,San Miguel,17.19,0.0,128.2,2.2,332.16,,,,,,,,,18.22,0.0,119.11,2.17,322.48,33.1,0.0,48.0,21.0,21.0,48.0,96.0,429.0
13131,13,San Ramón,76.9,1198509.0,53.24,6.9,295.27,34.43,0.0,16.0,19.0,19.0,30.0,46.0,273.0,77.15,514119.0,49.07,6.88,271.33,24.63,0.0,12.0,11.0,11.0,39.0,51.0,268.0
13132,13,Vitacura,2.74,0.0,928.52,0.9,1477.48,41.31,0.0,71.0,43.0,43.0,150.0,221.0,656.0,2.82,0.0,891.45,0.89,1454.68,40.45,0.0,63.0,43.0,43.0,155.0,218.0,660.0
13201,13,Puente Alto,73.98,7475869.0,49.03,5.0,214.49,53.16,0.0,92.0,18.0,18.0,177.0,269.0,1061.0,74.13,3220546.0,46.23,5.04,205.14,41.17,0.0,82.0,21.0,21.0,188.0,270.0,906.0
13202,13,Pirque,23.86,312413.0,256.8,2.7,457.81,29.33,1.0,19.0,10.0,9.0,6.0,25.0,150.0,25.31,133739.0,220.26,2.74,406.69,32.82,1.0,19.0,11.0,10.0,6.0,25.0,131.0
13203,13,San José De Maipo,41.75,311580.0,198.36,4.7,475.26,29.66,0.0,8.0,12.0,12.0,10.0,18.0,118.0,36.3,133476.0,201.31,4.69,446.92,29.13,14.0,44.0,26.0,12.0,10.0,54.0,127.0
13301,13,Colina,11.89,0.0,259.79,5.1,486.07,31.32,0.0,19.0,16.0,16.0,35.0,54.0,265.0,12.13,0.0,247.35,5.11,460.93,29.18,0.0,15.0,16.0,16.0,35.0,50.0,257.0
13302,13,Lampa,17.05,0.0,206.08,4.9,425.61,35.85,0.0,10.0,14.0,14.0,30.0,40.0,159.0,17.52,0.0,198.47,4.95,398.38,,,,,,,,
13303,13,Tiltil,48.13,336643.0,141.54,6.1,537.64,28.45,0.0,3.0,11.0,11.0,6.0,9.0,116.0,47.46,143976.0,131.19,6.06,483.96,18.08,0.0,4.0,13.0,13.0,7.0,11.0,177.0
13401,13,San Bernardo,35.64,0.0,132.5,6.0,382.42,,,,,,,,,36.26,0.0,129.2,5.99,374.88,25.87,0.0,70.0,15.0,15.0,71.0,141.0,634.0
13402,13,Buin,31.39,569022.0,121.32,4.4,392.9,30.62,0.0,17.0,12.0,12.0,24.0,41.0,258.0,31.29,244090.0,115.43,4.45,374.83,31.3,0.0,13.0,12.0,12.0,24.0,37.0,246.0
13403,13,Calera De Tango,30.42,316153.0,202.42,3.5,565.2,33.08,0.0,19.0,15.0,15.0,6.0,25.0,133.0,30.76,135622.0,182.03,3.48,533.16,35.34,0.0,19.0,15.0,15.0,8.0,27.0,133.0
13404,13,Paine,30.75,506438.0,151.17,5.9,324.84,23.7,0.0,19.0,9.0,9.0,21.0,40.0,270.0,33.89,217334.0,125.27,5.87,282.76,25.64,0.0,0.0,13.0,13.0,25.0,25.0,273.0
13501,13,Melipilla,70.63,1728421.0,67.06,7.6,486.12,29.55,0.0,24.0,17.0,17.0,38.0,62.0,335.0,68.23,684686.0,63.37,7.57,430.82,32.71,0.0,28.0,15.0,15.0,37.0,65.0,373.0
13502,13,Alhué,17.83,310204.0,1490.51,9.6,4350.45,31.25,0.0,9.0,7.0,7.0,2.0,11.0,64.0,17.45,132925.0,1350.89,9.61,3806.79,,,,,,,,
13503,13,Curacaví,40.0,392835.0,160.24,6.0,352.1,63.69,0.0,7.0,13.0,13.0,8.0,15.0,157.0,40.68,169458.0,147.76,6.0,338.65,58.91,0.0,7.0,15.0,15.0,11.0,18.0,129.0
13504,13,María Pinto,51.49,329187.0,172.46,7.3,801.85,67.35,0.0,7.0,13.0,13.0,5.0,12.0,49.0,46.5,141768.0,191.14,7.31,791.73,36.78,0.0,5.0,13.0,13.0,5.0,10.0,87.0
13505,13,San Pedro,71.36,363223.0,103.33,14.1,495.49,52.54,0.0,6.0,11.0,11.0,3.0,9.0,59.0,67.09,155459.0,111.36,14.1,428.69,49.06,0.0,7.0,10.0,10.0,3.0,10.0,53.0
13601,13,Talagante,55.33,792000.0,88.99,6.3,276.84,24.45,0.0,6.0,16.0,16.0,21.0,27.0,274.0,55.02,345926.0,85.96,6.26,250.46,22.71,0.0,0.0,16.0,16.0,24.0,24.0,251.0
13602,13,El Monte,62.05,492467.0,86.27,7.1,279.39,56.16,0.0,7.0,11.0,11.0,9.0,16.0,146.0,59.74,187694.0,83.35,7.08,270.06,33.04,0.0,9.0,10.0,10.0,9.0,18.0,112.0
13603,13,Isla De Maipo,45.95,416544.0,125.88,6.4,285.23,25.69,0.0,9.0,10.0,10.0,18.0,27.0,109.0,48.17,168416.0,108.59,6.42,263.46,31.43,0.0,7.0,9.0,9.0,9.0,16.0,105.0
13604,13,Padre Hurtado,69.66,485661.0,82.91,3.7,331.33,31.0,0.0,8.0,10.0,10.0,21.0,29.0,200.0,44.15,242248.0,117.5,3.66,266.13,31.22,0.0,11.0,10.0,10.0,21.0,32.0,189.0
13605,13,Peñaflor,59.0,1080939.0,79.66,7.3,240.68,38.2,36.0,40.0,72.0,36.0,35.0,75.0,356.0,59.84,443441.0,73.2,7.33,228.72,,,,,,,,
14101,14,Valdivia,56.39,727085.0,127.4,3.4,353.39,42.63,0.0,77.0,51.0,51.0,62.0,139.0,638.0,58.99,314651.0,112.63,3.43,325.63,42.97,0.0,78.0,59.0,59.0,54.0,132.0,619.0
14102,14,Corral,89.97,331318.0,71.95,7.6,897.25,52.38,0.0,4.0,10.0,10.0,8.0,12.0,42.0,88.2,140808.0,74.25,7.59,786.11,45.71,0.0,1.0,8.0,8.0,5.0,6.0,35.0
14103,14,Lanco,79.82,457813.0,78.74,3.9,465.81,40.86,0.0,10.0,10.0,10.0,3.0,13.0,93.0,80.47,200044.0,61.73,3.94,416.91,41.67,0.0,9.0,10.0,10.0,3.0,12.0,96.0
14104,14,Los Lagos,67.23,398213.0,97.13,6.7,377.76,32.99,0.0,0.0,14.0,14.0,4.0,4.0,97.0,67.45,169806.0,89.96,6.73,358.56,34.04,0.0,0.0,13.0,13.0,3.0,3.0,94.0
14105,14,Máfil,76.07,327165.0,119.55,7.2,785.06,41.67,0.0,9.0,6.0,6.0,4.0,13.0,60.0,76.52,137017.0,106.41,7.16,623.2,38.6,0.0,8.0,5.0,5.0,7.0,15.0,57.0
14106,14,Mariquina,75.25,481068.0,91.11,7.9,451.26,37.04,0.0,6.0,11.0,11.0,6.0,12.0,108.0,74.87,187243.0,81.59,7.85,403.99,34.62,0.0,7.0,12.0,12.0,3.0,10.0,104.0
14107,14,Paillaco,68.55,393427.0,108.47,6.4,442.3,34.62,0.0,13.0,10.0,10.0,8.0,21.0,104.0,67.96,173684.0,92.12,6.43,380.23,44.74,0.0,12.0,15.0,15.0,8.0,20.0,114.0
14108,14,Panguipulli,64.61,457515.0,160.75,10.2,902.43,43.93,0.0,23.0,11.0,11.0,21.0,44.0,173.0,66.27,195332.0,144.48,10.2,835.22,45.81,0.0,31.0,10.0,10.0,21.0,52.0,179.0
14201,14,La Unión,62.94,470090.0,118.19,8.7,372.24,36.3,0.0,14.0,8.0,8.0,13.0,27.0,146.0,63.36,202610.0,100.8,8.65,350.63,,,,,,12.0,12.0,
14202,14,Futrono,56.8,342327.0,189.76,9.3,610.94,42.5,0.0,0.0,13.0,13.0,3.0,3.0,80.0,60.65,147046.0,151.92,9.31,520.22,44.19,0.0,1.0,14.0,14.0,3.0,4.0,86.0
14203,14,Lago Ranco,45.12,331283.0,391.87,12.4,1123.32,57.32,0.0,10.0,10.0,10.0,12.0,22.0,82.0,43.55,142278.0,389.86,12.37,1124.69,56.47,0.0,15.0,10.0,10.0,11.0,26.0,85.0
14204,14,Río Bueno,69.38,486372.0,100.75,5.7,412.11,40.71,0.0,24.0,8.0,8.0,6.0,30.0,113.0,66.85,214316.0,96.91,5.72,377.58,40.83,0.0,21.0,12.0,12.0,8.0,29.0,120.0
15101,15,Arica,57.0,1650251.0,94.54,9.1,259.31,,,,,,,,,57.05,657934.0,91.82,9.14,250.92,,,,,,,,
15102,15,Camarones,77.7,305444.0,601.83,12.6,3973.91,61.54,0.0,2.0,6.0,6.0,3.0,5.0,26.0,67.25,130862.0,915.53,12.58,4177.88,,,,,,,,
15201,15,Putre,91.71,343521.0,126.27,7.3,2018.99,50.0,0.0,5.0,6.0,6.0,3.0,8.0,34.0,86.11,147426.0,197.62,7.35,1792.04,53.57,0.0,2.0,7.0,7.0,3.0,5.0,28.0
15202,15,General Lagos,94.98,282875.0,150.54,21.2,3675.24,47.06,0.0,2.0,5.0,5.0,1.0,3.0,17.0,89.92,121118.0,278.2,21.24,3891.97,52.94,0.0,2.0,5.0,5.0,2.0,4.0,17.0
16101,16,Chillán,49.15,0.0,124.27,10.5,295.2,35.16,0.0,66.0,16.0,16.0,65.0,131.0,438.0,49.66,0.0,119.58,10.51,287.47,33.41,0.0,64.0,16.0,16.0,71.0,135.0,449.0
16102,16,Bulnes,77.54,509083.0,83.24,12.7,413.81,45.26,0.0,0.0,8.0,8.0,6.0,6.0,95.0,73.59,223052.0,81.9,12.74,360.79,41.94,0.0,19.0,8.0,8.0,6.0,25.0,93.0
16103,16,Chillán Viejo,65.7,519998.0,101.32,8.5,400.93,54.78,0.0,16.0,10.0,10.0,5.0,21.0,115.0,65.55,238376.0,88.38,8.55,332.44,58.26,0.0,17.0,11.0,11.0,7.0,24.0,115.0
16104,16,El Carmen,79.99,408457.0,96.18,14.9,646.22,43.61,0.0,11.0,13.0,13.0,9.0,20.0,133.0,79.86,181847.0,81.33,14.92,483.65,40.18,0.0,10.0,16.0,16.0,10.0,20.0,112.0
16105,16,Pemuco,66.85,348253.0,179.03,19.0,635.52,53.13,0.0,3.0,6.0,6.0,5.0,8.0,64.0,66.57,150003.0,160.06,19.02,579.25,50.77,0.0,3.0,7.0,7.0,5.0,8.0,65.0
16106,16,Pinto,65.12,353149.0,149.29,10.3,532.08,44.78,0.0,7.0,8.0,8.0,6.0,13.0,67.0,64.84,151522.0,140.94,10.27,506.98,37.68,0.0,7.0,9.0,9.0,8.0,15.0,69.0
16107,16,Quillón,88.21,518377.0,88.01,16.0,831.89,29.29,0.0,27.0,13.0,13.0,8.0,35.0,140.0,88.57,224924.0,78.9,15.97,758.48,29.03,0.0,21.0,9.0,9.0,6.0,27.0,93.0
16108,16,San Ignacio,86.05,556588.0,57.64,15.7,511.43,,,,,,,,,85.91,232476.0,51.07,15.74,411.27,,,,,,,,
16109,16,Yungay,79.85,439713.0,98.18,10.8,648.81,51.69,0.0,11.0,11.0,11.0,5.0,16.0,89.0,80.2,200640.0,92.37,10.83,508.35,52.44,0.0,12.0,10.0,10.0,5.0,17.0,82.0
16201,16,Quirihue,83.17,451996.0,84.67,7.8,638.01,44.12,0.0,4.0,8.0,8.0,3.0,7.0,68.0,85.59,193003.0,61.85,7.77,529.96,34.78,0.0,0.0,8.0,8.0,8.0,8.0,69.0
16202,16,Cobquecura,86.28,354215.0,151.95,19.1,1394.57,,,,,,,,,85.28,151519.0,128.37,19.05,1042.8,,,,,,,,
16203,16,Coelemu,80.73,467850.0,83.04,13.0,517.51,42.68,0.0,5.0,9.0,9.0,8.0,13.0,82.0,80.92,210149.0,74.5,13.05,497.0,29.87,0.0,4.0,8.0,8.0,9.0,13.0,77.0
16204,16,Ninhue,91.33,381908.0,68.34,16.1,1270.6,35.9,0.0,0.0,8.0,8.0,2.0,2.0,39.0,90.22,164062.0,65.9,16.13,1024.78,42.55,0.0,8.0,6.0,6.0,1.0,9.0,47.0
16205,16,Portezuelo,87.51,368680.0,107.84,15.1,1034.72,56.25,0.0,2.0,9.0,9.0,4.0,6.0,64.0,87.03,157673.0,95.31,15.11,878.63,47.54,0.0,3.0,7.0,7.0,4.0,7.0,61.0
16206,16,Ránquil,76.4,352066.0,157.83,16.8,826.06,53.7,0.0,6.0,8.0,8.0,8.0,14.0,54.0,72.3,150735.0,173.06,16.77,867.18,50.0,0.0,5.0,8.0,8.0,8.0,13.0,54.0
16207,16,Trehuaco,89.23,368813.0,81.64,17.1,1006.05,22.64,0.0,14.0,7.0,7.0,3.0,17.0,106.0,89.09,157615.0,70.2,17.15,852.11,24.64,0.0,5.0,9.0,9.0,3.0,8.0,69.0
16301,16,San Carlos,75.93,932985.0,82.28,13.7,439.78,49.51,0.0,0.0,11.0,11.0,8.0,8.0,204.0,73.95,394624.0,72.62,13.69,309.45,47.06,0.0,27.0,16.0,16.0,7.0,34.0,136.0
16302,16,Coihueco,81.26,633473.0,69.36,13.5,405.15,47.62,0.0,0.0,10.0,10.0,8.0,8.0,105.0,81.58,262694.0,64.8,13.49,401.45,42.42,0.0,4.0,11.0,11.0,8.0,12.0,99.0
16303,16,Ñiquén,84.04,417611.0,85.23,13.8,755.1,74.55,0.0,15.0,9.0,9.0,19.0,34.0,55.0,81.01,180378.0,83.82,13.84,619.47,45.45,0.0,7.0,10.0,10.0,7.0,14.0,66.0
16304,16,San Fabián,77.22,313068.0,162.66,15.0,833.31,58.33,0.0,5.0,8.0,8.0,3.0,8.0,36.0,78.25,134085.0,137.34,14.96,728.6,60.47,0.0,6.0,7.0,7.0,4.0,10.0,43.0
16305,16,San Nicolás,68.28,373853.0,140.96,10.8,645.79,39.06,0.0,6.0,11.0,11.0,7.0,13.0,64.0,62.85,162685.0,154.67,10.78,629.82,40.98,0.0,5.0,10.0,10.0,6.0,11.0,61.0